tweet_id,tweet,annotator_1,annotator_2,annotator_3,anno1,anno2,anno3,label
6fe5daa9-c621-4ccf-a7ff-1581b71b5c2a,swi ta gama hi merda 😂😂😂 loko nifileee munga ni rileneee 😂🔥,55,83,84.0,neutral,negative,negative,negative
5657993e-9a6b-4692-958e-b0c0a83d2d8e,matximba yaku ingui swa mahala,55,83,84.0,negative,negative,negative,negative
a9933adb-5d51-4c71-9b11-9c4448f4b147,pfa khenseka pfoleswo namini ni bom a xikwembo xá dzi hlayisa,55.0,83,84,positive,positive,positive,positive
d4b93b31-5609-40d3-a445-a0cb161e2ea1,mina nawena wena namina utatwa kunandzika,55,83,84.0,positive,positive,positive,positive
b510c186-e7a6-4c43-8f8b-bcf7c0c0ef24,😂😂😂 u ya kwini,55,83,84.0,neutral,positive,positive,positive
bec4a0e9-ca1c-4c6c-9c57-206577622a77,va vasati va taku tsovha,55.0,83,84,negative,negative,negative,negative
d44758ee-dd13-4cd9-a33e-ac9df9f4f632,i mahungo ya kalhe ixiboho xa wena na nwini wa stand,55,83,84.0,positive,neutral,positive,positive
bc3ad579-8435-42a6-9833-af61828c656b,moya wanga u ndzunissa hosi a moya wanga hosi hosi hosi aku ndunissa,55,83.0,84,positive,positive,positive,positive
62c45a08-4453-4faa-a087-c8abe259e3fb,nina wena muhaxi hiloku yi sukile problems liyani kusuka mozambique,55,83.0,84,neutral,negative,negative,negative
ebe3c2b4-3dbd-40cf-a19d-529004f708b7,em changana a tsiki ku dondza xkola para a tsama ka mati a yentxa leswiya,55,83,84.0,neutral,positive,positive,positive
dc5ca056-c0b5-4fb6-b7c0-91956b24ee53,yaba buluku a fazer história,55,83.0,84,neutral,positive,positive,positive
177b68e0-efba-40d6-8d3e-5b780b9ebf17,ya xigadzana ehh,55,83,84.0,neutral,neutral,positive,neutral
556c7f8d-5d97-4904-8314-4e5c2a7e7431,ni yingiseli kola ka doroba laka chokwe dstv niyo gee na vovo flora mathonsi,55,83,84.0,positive,positive,positive,positive
7b89ce11-8b67-49d2-8ef9-a8fdebf72bbc,conforme mo swi vonaka 😹😹😹✌,55,83,84.0,neutral,neutral,positive,neutral
4a6a97ce-61c3-49ea-9a22-6d64669b97a3,estrela we u randza mane ku mina na yena,55,83,84.0,neutral,neutral,positive,neutral
57511bdd-18fe-490f-9aa5-0285124fd8e5,a loko niku hiiin,55,83,84.0,neutral,neutral,positive,neutral
aac2f2f0-74d8-4e9d-a990-d3a0614e3473,swa yantswa niva mbuya nita kuma ma regalias,55,83.0,84,positive,negative,positive,positive
b5efbae3-2520-4440-8939-a0336b803597,hiiiiiiii wa ni xicha,55,83.0,84,negative,negative,negative,negative
fbfe3eca-194a-473f-8752-a0f795b73abb,ni taku phonele,55,83,84.0,neutral,neutral,positive,neutral
07593e20-25eb-4821-b9b5-0f3ca946a5a7,wena awu ni tendere nkata,55,83,84.0,negative,negative,negative,negative
a4b67636-dfc6-4c5b-9fe3-652c409d46f5,ho yini kupfhuka,55,83.0,84,positive,positive,positive,positive
cf46e082-01bd-4be9-9322-e4a2ff8e10a1,uta kuma timaka hi maka ma brincadeira,55,83.0,84,negative,negative,negative,negative
b7199d06-a51e-46d3-8523-eea7116775eb,kalhe kalhe loko mahari kona nwina akutlelekiaku humekiaku fambekiaku tirheki aku endleki ntxumu loko nwina mahari la yotsama hi yingisela muze mufamba,55,83,84.0,negative,neutral,negative,negative
8d2842fa-c166-42ab-a71a-e991d8887eb0,nheeee ni tsike,55,83.0,84,negative,negative,negative,negative
65a7f81a-e190-471d-8093-ea4f9ad54b43,a maleeee ya hellooo,55,83.0,84,negative,negative,negative,negative
8d3ead2a-a84c-496d-ac16-64b5298aa1fa,mmm swa hombe ni pfhukile akuna swa kukazata khanimambo,55.0,83,84,positive,positive,positive,positive
08605202-dac3-4b82-aef7-ff2e28ffbc47,hi kazalile hina 😭😭😭,55,83,84.0,negative,negative,negative,negative
3282ecb5-09de-4c4e-bea4-122c76ee20cd,adam wa ukweli,55,83,84.0,neutral,neutral,positive,neutral
50ca8fdc-aae2-4aa9-93ff-592582830c5e,ni bom wena ke,55,83,84.0,positive,positive,positive,positive
aad51047-4ac1-4859-802c-5ebbaef6e23b,ho hi danissa wena wananga,55,83.0,84,negative,negative,negative,negative
c29cdcbe-7517-4115-bb07-188883296027,hi swinwe niri la mozambique nikha ntlangela birthday ya mina,55,83,84.0,positive,positive,positive,positive
0c9bcb61-0324-44c7-8988-a68c52c13235,ah vovo dele swe xa ni tsakissa,55,83.0,84,positive,positive,positive,positive
5894a6f8-81ed-4b74-9dcb-3669e692fb08,a loko mu ni vhona niku ta hi yena hi yena yehovaa,55.0,83,84,positive,positive,positive,positive
0057fccc-e2bd-49da-b2ee-e9762f6b10a5,mr bow male ya matchangana,55,83.0,84,neutral,positive,positive,positive
d19256b6-47f6-4bb4-9619-b751f71dc31f,na vadwa ani sida a nina nuna nita feva ku kundza ka hissa ka titimela hissa ndzeni handle tilhanpfe,55,83,84.0,neutral,neutral,negative,neutral
0ceb4c8a-1035-4d64-ba4a-3b8e5601c7f2,wa vizinhouuu nikonbela ko loyiwaaaa,55,83,84.0,neutral,negative,negative,negative
2e08bd62-6915-4a93-8c25-a1cbb989157e,nipfuki kwatsi ndoena hantivi wena,55,83,84.0,positive,positive,positive,positive
9c58a856-8017-4819-97d7-be7e9c0b94c9,xitombo xa ngwako,55.0,83,84,negative,negative,negative,negative
f1094f6a-56a9-43e9-825a-2534a9e69c11,hina matxangana vah hi tiva hiku tsaka 😂😂😂😂,55,83.0,84,positive,negative,positive,positive
9b146a91-0f03-44eb-a7d3-acc30a609890,😂😂😂 kwini wa swe tivah nah weneh swakuh ni strong,55,83,84.0,positive,positive,positive,positive
dadf5b9d-7ee3-42f1-97bf-bc9775338585,sesi byela va malume se vona vata hlamusela papa ku wa kuna dzovolo wa yena,55,83,84.0,neutral,positive,positive,positive
049ae2fa-a0e7-4894-a25a-41f80056e244,loko yi dyiwa jaaa,55,83,84.0,neutral,neutral,negative,neutral
c9435fbe-c9ef-448c-a518-3e54520f15a0,xtombo xa ngwako oskhan test us papá dont play like that,55,83.0,84,negative,negative,negative,negative
97e9a2f1-e388-4c26-a6b7-e413cd15d427,ni lava male só💯🥰,55,83,84.0,neutral,positive,positive,positive
bc571031-1927-462b-b8c5-f5434633d794,ahi tivaneni mina ni leonildo wali chokwe wena ke chokwé,55,83,84.0,neutral,neutral,positive,neutral
ed2530e3-9c15-484a-b030-f041dd3370c5,a loko wa nuna a baleca wa nsati nambe hele bonita xicona xicona lexi xi balequisaca lueyi wa papa,55.0,83,84,negative,negative,positive,negative
8d3d2c53-9d27-4584-9fd9-0f4451605782,😅😅😅 mu khanela e ma relacionamento 😂 mawaku,55,83,84.0,neutral,neutral,positive,neutral
94574b32-e589-4e79-82b1-da911694c299,niku khoma hi dstv chokwe,55,83,84.0,neutral,positive,positive,positive
e93b520e-d906-41a3-b1d9-27d00612e5eb,ni kwala tsakani bottle store,55,83.0,84,neutral,positive,positive,positive
a5e48a53-ad63-4023-803d-2322e09f4e3f,auxene badaya akuna swa ku biya wena kê,55,83,84.0,positive,positive,positive,positive
01a8df05-f0be-4158-8360-ce6668a24cda,wa biwa wene,55.0,83,84,negative,negative,negative,negative
85a5055f-c96e-49e8-acf9-6103ad9a4662,a loko niku ih yaba buluku leyi,55,83,84.0,neutral,positive,positive,positive
c23be49a-3412-4f78-b71a-8d60a866f134,a ku khala ama saudade,55.0,83,84,positive,positive,positive,positive
85e8b760-a1f2-4707-979a-1b5c99812fb6,beth oh ni nhimba,55,83,84.0,neutral,positive,positive,positive
88bcc0f7-a2dc-4879-9e06-8d379f3af16a,hahaha u tiyissile,55.0,83,84,positive,positive,positive,positive
587c5498-5589-47fa-a365-0adebf19bbcb,xavito nita ku fumbuta mina,55,83.0,84,negative,negative,negative,negative
1d1460b6-3a27-4906-8018-0eaec120819a,maji angana xi baciana lweiyo,55,83,84.0,neutral,neutral,negative,neutral
6475bcff-f8c3-4343-9ead-679dc41003ee,a má djessi má ni beka ni li astro😹😹🔥🔥,55,83.0,84,neutral,positive,positive,positive
9e74fbd3-19ab-4738-a6ac-dc19062f7d46,madala lweyi namufeva wativa stereka,55,83,84.0,positive,positive,positive,positive
ffdac3f0-fb53-44b6-95ff-8eacbaac1f84,ya wena uh wanuna,55,83.0,84,positive,positive,positive,positive
3b8515e9-5699-45df-bfd4-3c1651eb1a78,acula ai = aquilo ali mawaku wa hi danissa juro,55,83.0,84,negative,negative,negative,negative
0bd0520a-420c-4022-8932-9972226a14ad,va khu ndzaveta u va khuma la,55,83,84.0,neutral,negative,negative,negative
ab55fc08-6cbd-44e0-9f68-804a05642e93,mxm ku loya tsen,55,83,84.0,neutral,negative,negative,negative
652980d5-1c41-478f-8ddd-485fb15bb0ac,swa kahle swi komba rirhandzu ra ntiyiso,55,83.0,84,positive,positive,positive,positive
99d35a83-9098-466f-8232-485319fccf0e,ningene na nwina eka nili kwala mozambique ka macia hi xohondzo lexi,55,83,84.0,neutral,neutral,positive,neutral
c8012cf7-5165-4346-9bcd-bac7170d7b6d,nitaku panhula hi xinwui xa tiro😂😂,55,83.0,84,negative,negative,negative,negative
c690f596-0f40-4912-babb-e32d7fe5ad8b,bwakakaka hi lhevana muito mal 😂😂😂😂,55,83,84.0,neutral,neutral,positive,neutral
552f7324-35b6-4acb-be44-cf139940253e,kmk akukalo ka wena,55,83,84.0,neutral,positive,positive,positive
62b9e403-134e-46ea-9e6b-fd8054266a57,eeeeh a nsati lwei a banana maj,55,83,84.0,negative,negative,negative,negative
5587de7e-78de-4f42-a000-07f212aec912,nitaku panhula hi xikwe xa tiro lá 😂😂,55,83.0,84,negative,negative,negative,negative
25664de2-fb36-45de-9fb5-ebf87756bdb1,a ni guenti,55.0,83,84,negative,positive,positive,positive
8720ce3a-b874-4ed1-b6ba-cfe51037de06,ni fike kalhe khensa ku naveleriwa rendzo lerinene,55.0,83,84,positive,positive,positive,positive
402d68bf-d8a4-4182-bdf7-c5cf2104b321,papa vana swicele boti huma kavona ubyela mhani mhaka ya wena hiku na yena uku beburini kumbe hlamusela papa,55,83,84.0,neutral,neutral,positive,neutral
e2b775c5-fcb9-4d46-8697-6b2e60a2b0ec,na hanya aswina ku kazata khanimambo,55,83,84.0,positive,positive,positive,positive
fa429fe5-886f-4c8e-9194-1416b6fa787d,auxeneee ho yine ku phuka,55.0,83,84,positive,positive,positive,positive
938c1128-a2f1-4f8f-8a60-cf04328b53f4,mrbow xikwembu rhivalela lmntvr cover 🙏🏽❤️🇲🇿,55,83,84.0,positive,neutral,positive,positive
1ad545a7-b458-4bb2-9dc4-b6712b154a1f,a xilungu xakarata 🤦🏾,55,83,84.0,negative,negative,negative,negative
1c2c846f-7cda-45df-880c-b15f0fb640b2,famba te kundza pah hahahahahahahahah,55.0,83,84,negative,negative,negative,negative
1950948f-db29-417c-a371-df54ae61b7bb,ni sungulekile khale mfana,55,83.0,84,neutral,positive,positive,positive
a9dbef1e-c612-4480-8901-d8f1d94bcd87,vha vizinho amu lawi ku loyiwa 😂😂,55,83.0,84,neutral,negative,negative,negative
184361b2-f177-411c-84bb-283da69fa991,😂 ni tsiki mamana 😂😂,55,83.0,84,neutral,negative,negative,negative
c588b922-e08b-457e-afb3-c9f3fcb6c423,kea tshosetsa mara o ke wena 🤣🤣🤣🤣,55,83,84.0,neutral,neutral,positive,neutral
2e7d8f09-c29d-46a7-8ac8-eccf94fa5cef,teka famba bjardim,55,83.0,84,neutral,positive,positive,positive
c623b679-de55-4011-bdbd-de9f1413783d,a xikwembo a xi ku katekisse,55,83.0,84,positive,positive,positive,positive
fb1446c6-597a-47b4-b326-8810fdb09d0a,makwenu wa wena,55,83,84.0,neutral,neutral,positive,neutral
81464386-8a17-4506-b94f-e388136e0023,ih swa hombe na mina ni kwatsi😎,55,83,84.0,positive,positive,positive,positive
4b15b380-037c-4bf5-8f46-3548bec39db2,ni lavha ku hanha na yena mina ningue fambi hi lane,55.0,83,84,positive,positive,positive,positive
e3e449e0-2700-4126-8464-a3ea22aee007,teka famba bro,55,83.0,84,neutral,positive,positive,positive
f302cde4-8d92-4463-97ad-3ed951fcad91,wa swi tivela,55,83.0,84,positive,negative,positive,positive
fe70ce42-e11c-4d36-89cb-ac31e443f64b,inna makwezu a tsaka swinene,55,83.0,84,positive,positive,positive,positive
9032591e-105c-4edd-b457-f460a8bb7f98,ni vhona bem😂😂😂,55.0,83,84,positive,positive,positive,positive
ad07ba9e-b4a3-4e18-a722-7c5a8b6dd10a,mara dj wa marhandza mavhavha,55,83,84.0,neutral,neutral,positive,neutral
0e00fb0b-3109-43d3-88bb-cd66fddb3bd8,xitombo xa wanku,55,83,84.0,negative,negative,negative,negative
164243a8-32fa-41eb-90ea-fd8b66c0f490,ulava ni ti sunga uta tsaka yohhh holele mamane 🎶,55,83,84.0,negative,negative,negative,negative
8a34c50d-5657-4b79-95cf-68b6c1bf69cc,mina nile ntirhweni la mozambique ka khubu,55,83.0,84,neutral,positive,positive,positive
1a595102-9169-445b-8595-aeea3497f4af,u tsika mova kaya namunthla,55,83.0,84,neutral,positive,positive,positive
92b8a39a-d2d1-488d-8afc-931ebb15eb7f,😂😂😂😂😂😂😂😂😂😂😂😂😂😂😂😂😂😂😂😂😂😂😂😂😂😂😂😂😂😂😂😂😂😂😂😂😂😂😂😂😂😂😂😂😂😂😂😂😂😂😂😂😂😂😂😂😂😂😂😂😂😂😂😂😂😂😂😂😂😂😂😂😂😂😂😂😂😂😂😂😂😂😂😂😂😂😂😂😂😂😂😂😂😂😂😂😂😂😂😂😂😂😂😂 wha hi xixah🙌🏿😂😂😂😂😂,55.0,83,84,negative,negative,positive,negative
6153a8ca-044f-4b85-9cbc-357e67e11048,uvona hiku loku hi hlangana anipfuxeliwi and ni bockiwa ka ti social ntwrk,55.0,83,84,negative,negative,positive,negative
39ff989f-ed79-4311-b8d7-9ff647b0b155,paaah uta pfuka hi choque,55,83,84.0,neutral,neutral,negative,neutral
465bf7b3-77a7-4fff-918a-fab6515de5a7,na hanya akuna swa ku kazata a va tsongwana va thlanga,55.0,83,84,positive,positive,positive,positive
540fcc19-ea00-4e67-b862-0cbedcfbfa0b,kuna ni maka,55,83,84.0,neutral,neutral,positive,neutral
aa266474-a157-4242-b12c-7b8b0479492c,thnx god mozambique shutdown nghenana khensa ku tlakuriwa vanhu va mozambique moamba maputo mozambique,55,83,84.0,positive,neutral,positive,positive
2cf8dc05-4c41-4f3a-8e02-f1d2c3ad8909,wena unga zuzumeli ni dzweli kumbe ni ta xava kwini a ma xiluva ntsem,55,83.0,84,positive,negative,positive,positive
a3e5f63e-ab60-4bda-8a1d-76139e7651bc,xa ku bava mais xi hambiwaka hi ukulho u da ni mitsumbula xa ntima nhana mas xa tsamba🤤,55,83.0,84,positive,positive,positive,positive
fee7045e-81f7-4fb3-8472-1a17c0cc01ba,kambe ira mani risimu leri hi sungulaka awara ya naaaaaa rini tsakisa ngopfu vakaxi va mina rixile,55,83.0,84,positive,positive,positive,positive
eae3cec4-0515-413a-9f81-7929e74394bf,a pandza wa kho,55,83,84.0,neutral,positive,positive,positive
3a3578bb-9281-49ba-b5c4-407d0ba31ec9,bom domingo hosi yi katekisa wena na njangu wa wena mhunti ya mona sowetoem casa chokwe,55,83,84.0,positive,positive,positive,positive
f9db7e2a-fd3e-452d-848a-66e9f6950e9d,ni rungula my love nthabiseng mashaba ka xokwe ka xingange niheta hi sivari vicente sambo a putfontein,55,83,84.0,positive,neutral,positive,positive
5db5213b-049d-4444-a7bf-b530797ad189,na khensa bra ya mina,55,83.0,84,positive,positive,positive,positive
e05d3756-feb0-4aa6-99f3-0f61cbc6c169,ehhhhhhhh hiti weekend se monday to friday kutava na yini lahaya ka phaphama,55,83,84.0,neutral,neutral,negative,neutral
267b54ae-8d57-45aa-8b05-12a56910ca92,hi sesi wamina wo pswariwa hi mhane wunwane sister from another mother nitwile uvula ku tuk tuk awuyitivi hiyona yaleyo hala moçambique hiyivita txopela bro yamina xayitiva,55,83.0,84,neutral,positive,positive,positive
46b92887-6922-4c2e-a379-25065b391997,nghoma ya nghena ma onha mhaka a mosambiki va cina hinoooooo nghena miva rungula moamba maputo mozambique,55,83.0,84,neutral,positive,positive,positive
8fe0ed51-bc8a-461d-b5b5-135fd8f3d139,ni bom vo hine kaiya kwako,55,83.0,84,neutral,positive,positive,positive
7172b1ca-96a0-49cc-baf9-16e20b1c3ac8,+ do teka famba,55,83,84.0,neutral,positive,positive,positive
ff570c05-d8e0-49ed-8adf-624a9d499bd4,makhombo ya lowo lulama ma tele kambe yehovha wa nwi kutsula eka wona hinkwawo psalma,55,83,84.0,neutral,neutral,positive,neutral
b4370e5d-0125-4a62-bb42-651f75ba92fb,dezember time ku ta fiwa,55,83,84.0,positive,positive,negative,positive
f99fe238-5bdf-4300-920a-376bed266a1f,u khanela ngopfu,55,83,84.0,negative,negative,negative,negative
4466a33d-12c8-4eb1-946f-11ea2ba325b1,lomu ni fambaka namuhla ni khanela xilandi 😂😎,55,83,84.0,neutral,neutral,positive,neutral
c7febf8f-d6b6-4594-bb16-a3cbaec5820b,mina ni pimisa ku tasi o desesperado=cliente,55,83,84.0,neutral,neutral,negative,neutral
4bfddc49-ae4e-4020-856a-e57be6df5347,ni yingiseli wena sesi khensi nile xokwe mozambique,55,83,84.0,positive,neutral,positive,positive
88f280c6-427a-41d6-b05d-0d553ad6fe23,na hanya ho yini,55,83.0,84,neutral,positive,positive,positive
13c617ee-8bc3-429f-898f-cf5eafd460bb,u womu sau,55,83,84.0,neutral,neutral,negative,neutral
e2d40874-2399-43d5-98af-a6994c353aba,lano a moya wa paraia inkwawu hu fambela kolomo então só podi u ti lunguissela bavou xi ta teka xi tereto,55,83,84.0,neutral,neutral,positive,neutral
3043ccd3-e774-4151-9aa4-2ce02303a36d,a mbilo yanga cho ba,55,83.0,84,neutral,positive,positive,positive
c0f11ab8-4878-465c-bc11-a4a05b9f9787,wena pah no thleka lano,55,83,84.0,positive,positive,positive,positive
a8de6be8-70d9-41ee-9eb4-2a7069456f75,aha swa mbangue tsala swi mbeni hloko ya pao,55,83.0,84,negative,negative,negative,negative
eedb524b-33dd-478d-b14f-20bdc640af0d,swa tsakisa xem,55.0,83,84,positive,positive,positive,positive
bb877183-aaca-4b90-ae5f-bf9f11a32482,xa ku xonga gostosamas xi ni kehele dzaa ku lhanha xi woni maraku xi ku txukatxukanhana mas ah kehele a wawassati wa danissa pa,55,83.0,84,negative,negative,negative,negative
6f36fd5f-02ee-4f6d-a79c-b41d29664415,cala ukwini ni ni male,55,83.0,84,positive,negative,positive,positive
d40c9e25-706a-4d54-8a15-ae20ec04eb6f,va delela ntlha,55,83,84.0,negative,neutral,negative,negative
a947bc9b-1275-4ca1-b973-45e6d2fc770c,kasse mamana ya wena ii herioa😭😭😹,55,83,84.0,neutral,negative,negative,negative
43568fe7-9db0-402a-83ea-58c23a386e79,edjoh a gaju yini vhoku pah 😂😂😂,55,83,84.0,neutral,positive,positive,positive
0194ea6e-0fc6-457d-a48f-1527fb344162,loku u khaya nkaka😂😂😂😂u tlanga hii posição,55,83,84.0,neutral,positive,positive,positive
27763016-6881-4fc1-a4c9-21af4b4fcf1b,kasse u txava hinni,55,83,84.0,neutral,neutral,positive,neutral
25564f9f-023c-4c4f-8820-6f8a1cdf9cbc,auxene mo yini ku pfuka,55,83.0,84,positive,positive,positive,positive
c3ff0b7a-f27c-4356-b5a1-6adcf0204863,nitako panhula hi xinwe xa tiro lá 😎,55,83,84.0,negative,negative,negative,negative
84cdb060-5fc2-4f05-b12a-cb2a5d6e9276,hita famba moyeni chingozi airport,55,83,84.0,neutral,positive,positive,positive
5b2eed78-c687-4fe9-9734-7124362ca374,wa pupuruka wena,55,83,84.0,negative,negative,negative,negative
e37d02f5-6384-407d-b290-4aed5e96fa45,a swa lissima iku ti beka hansi,55.0,83,84,positive,positive,positive,positive
27521606-9efc-4cf3-bd69-f086f553c226,taku endlela naha faka tinambara ta wena ka whatsapp leya xiputukezi,55,83,84.0,neutral,neutral,positive,neutral
7638564a-2f11-4082-9bdd-7f3ff0878a28,haaaaaaaaaaaa wa hemba,55,83.0,84,neutral,negative,negative,negative
05fbaf9f-e2c4-4c0c-9b9c-464813c40db2,nkhama wa valoyi,55.0,83,84,negative,negative,negative,negative
38bedc8c-a569-4d24-abee-d3634955d1b7,mmm swa hombé ni pfhukile khanimambo,55.0,83,84,positive,positive,positive,positive
304f49bf-278b-472e-ada8-9abe2e7c97aa,kanimambo mamani na ku kensa ️ mozambique,55,83.0,84,positive,positive,positive,positive
ef08f03c-ffea-4044-82dc-2f7f5fd9a860,é só chegar junto ximovhana ni xilalassana xikhona lá ndones bar e lounge,55,83,84.0,neutral,positive,positive,positive
4877269e-60ad-432c-a8d0-3aa32d134cb4,ma sweet lady ma talil ma sweet lady ma talil mina ni be dji utomi ni funga kufa niku hanhana i will always love you ma talil,55,83.0,84,positive,positive,positive,positive
97e368d5-feb2-4bae-9c0e-35a5d2cca757,u tsama na mani,55,83,84.0,neutral,positive,positive,positive
99c2d736-fd47-4146-9ae5-04977c8e0cae,kkkklk ni kombela uni sendela ka whatsup,55,83,84.0,neutral,positive,positive,positive
8b5fe8ec-b247-44da-9a55-4a317ef51046,ka dlhiwa male,55,83,84.0,positive,positive,positive,positive
452d6cbd-82b9-4b39-9833-e122924b0eba,a vasati laku tawas,55,83,84.0,neutral,neutral,positive,neutral
2017f18b-a443-4242-ac60-36f46b4a1657,rixile vha haxi leswi ningakaswona namuntlha swivhavha ngopfo aswihambananga no bhukela a t v yokala yinga vulavuli ka xiphemu lexo sungula nita muvhona kola ka twiter,55.0,83,84,negative,negative,positive,negative
c6ed3ec4-4aef-4862-b820-8052a5ba35c4,a lirandzo li fana ni xiluva,55.0,83,84,positive,positive,positive,positive
2cd7f34e-09b6-4dc9-b2ba-01a8f1723a3a,loku u gwira ntaku tsika,55.0,83,84,negative,negative,negative,negative
ffa92c9c-61d0-4ef5-9ac5-a09823a14d17,kuhisa ka dyambu kuhi endla hi xaniseka kasi kutitimela hita orha ndzilo,55.0,83,84,negative,negative,negative,negative
cb4142dc-4490-4a6f-bec6-095d99f7ae20,txintxa ma hanhela à vangana vanga ku lheka,55,83,84.0,negative,negative,negative,negative
5567c641-9ab8-4c9f-90d4-4288197f7f9d,ho yini ku pfuka,55,83,84.0,positive,positive,positive,positive
cd20b462-bc2c-4b3d-bd5f-eaf5222ce4b8,vhondwa djow 🤤🤤🤤🤤xibhehe wa xi tiva,55,83,84.0,neutral,neutral,negative,neutral
f11d0ea2-02bf-47f9-b8a2-ad6d9ecd27d1,boluha ra rio limpopo hila ni nga kona,55,83,84.0,neutral,neutral,positive,neutral
12bf03b3-85bb-4fd1-81ae-eac4acc803e5,uno mona wena akayi ndawo,55.0,83,84,negative,positive,negative,negative
6ae33a8b-feba-4551-92f1-fbe463a30e6a,ni li hinkwaxu ta xona hi mintizo ya xikwembu,55,83.0,84,positive,positive,positive,positive
7bb44a6f-a8fb-438d-84a7-9f79eb525d89,a he kona tingana vah swi veka dlekeni kunene 💔💔💔,55,83,84.0,positive,negative,negative,negative
c33c8968-935d-4dc4-9704-0530f2e3d5cd,ni tamu zuketela lah,55.0,83,84,negative,negative,negative,negative
ee2bccc8-7963-45d2-ba04-fc4d4b3caa94,unga rhuli unga heli matimba a siku lá ntsovelo li ta fika tsemba na u tiyissela konkoma uya malhweni kunene tsemba,55,83.0,84,positive,positive,positive,positive
ee177dfe-ad9c-4c77-a157-ab8c8670c435,niku zwê tititi a ni ngueni mina,55,83,84.0,neutral,negative,negative,negative
c19f7536-aa44-448f-b1f5-46727bd42ca6,mtoto wa kiume,55,83,84.0,neutral,neutral,positive,neutral
0de01c04-b789-47f6-bfc7-19f5199aa2eb,boti unga vileli xikwembu xita hlayisa sesi vana mbilo ya sathana,55,83.0,84,positive,negative,negative,negative
24b74d3c-497f-421f-8f53-1e6cf7cb8f9e,yu tindzava tsika mbangui mpfana e nita ku desprogramara,55,83.0,84,negative,negative,negative,negative
ae1a9103-90c6-44c2-ab7c-6db865f6c5da,u ta rwala ntsovelo i siku lo tsaka u ta rwala ntsovelo,55,83,84.0,positive,neutral,positive,positive
58ee1798-846b-4f9d-bf60-05864718874c,la famba bicha la teka bicha,55,83.0,84,neutral,positive,positive,positive
7642adda-427f-4512-8e4b-2ac39e374e90,pfukile ah hombe ingo wena,55.0,83,84,positive,positive,positive,positive
c8be25ae-9e26-44c1-9043-7919d3314b73,vata rin ka wena,55,83,84.0,neutral,neutral,positive,neutral
e290b735-2f57-421b-800d-1a309e232251,yuh mamã a ni ku lavi mina🕺🏿,55,83,84.0,negative,negative,negative,negative
0d78a4aa-9b9a-4e2a-b443-0506592f424a,swita gama hi merda,55,83,84.0,negative,negative,negative,negative
fb33c3f8-b570-45af-823f-efb567ebf03a,gabriel shyne feat killua lirandzo la mina na wena 🥰💣,55.0,83,84,positive,positive,positive,positive
f3e7ecdb-6021-4491-9f1a-438910cb28a9,na khu khensa makwezu,55,83,84.0,positive,positive,positive,positive
da81ff4d-115a-4e73-b001-4bbcb45dcdf0,hita ku gubuta,55,83,84.0,negative,negative,negative,negative
6a7ab8c2-1c46-4809-8c73-efd79572dbfd,auxeni tiku lá mona,55.0,83,84,negative,positive,negative,negative
e7aba1db-e611-491f-941c-3928580d0272,nitafa na wena murandziwa te amo te amo nitafa na wena murandziwa te amo te amo,55,83,84.0,positive,neutral,positive,positive
263f777a-84aa-414a-ac9e-9b11c1b995da,até falheidizem hi vito dza tatana ni dza nwana ni dza moya waku lhauleka amém amém,55,83.0,84,positive,positive,positive,positive
52271756-23dd-4ced-9ab4-aaa641efd3ec,nikola ka xingangi ka nwina,55,83,84.0,neutral,positive,positive,positive
3d0c6ea6-d3d5-4cfd-afc4-fe43782f6734,papai wa wena a ni fama lá mazungane hi domingo a kaya ka wena wi vona hi swi patuani swi ga zungueliwa a swi gantluaniiiii,55,83.0,84,neutral,negative,negative,negative
cd75acf7-7473-4ff5-8142-a628ef23c657,ni khazalile hi valandi ni khanela xibrazileiro swophwi,55.0,83,84,negative,negative,negative,negative
e547b462-874c-42bc-a5a1-4eccce690b26,wena u txela mate,55.0,83,84,negative,negative,negative,negative
bf1af5ab-1d5a-418b-a996-47464a38f8f8,mutxumbo swa matximba só,55,83.0,84,negative,negative,negative,negative
04752555-1078-4f80-b153-51ebb7297731,niku khoma thwii kola chokwe mozambique,55,83,84.0,neutral,neutral,positive,neutral
b0bb5bb5-7b5e-4836-8c75-ef36495e6082,banani má voko assistam in loko,55,83,84.0,positive,neutral,positive,positive
7e6ddac5-3225-4522-aebc-4f013d9a8134,uni txova yini,55,83.0,84,neutral,negative,negative,negative
fdc64063-b3be-48a2-bdb9-bc4f1f29c6f5,u ta famba,55,83,84.0,neutral,neutral,positive,neutral
61e8fd25-c42f-4f14-8d7b-8a189a4c42c8,swa nsila ntsém,55,83,84.0,negative,negative,negative,negative
55df8d54-a8e8-4567-be51-7f85630f21b8,wa hemba heineken e txilar aqui 😎😎,55,83,84.0,neutral,positive,positive,positive
8e71ac39-4fd6-45f2-b637-c78d98eaa0e0,a nguenile matilwene😭,55.0,83,84,negative,negative,positive,negative
584c15e0-bc65-457c-b02c-6d6595f6b4a2,rixile he skhokho niku kuma kahle nirila ka ka ncai ncai e mozambique i adolfo mimbire la moz ka khubu,55,83,84.0,neutral,neutral,negative,neutral
fe3315df-21e5-474a-83bd-061351cb9ab5,ni nguena kwini ka megan mina,55,83,84.0,neutral,negative,negative,negative
fe90128d-a52d-43a5-9dca-12240e2cb48b,wa gweli mata wanga,55,83,84.0,neutral,neutral,positive,neutral
1d6572b6-7dfd-4a28-a169-7edadd73d8f6,dzixile ho ine ku pfuka,55.0,83,84,positive,positive,positive,positive
39c37a32-6c8a-4aa8-acc9-02d29ff72124,ni pfukile kwatsi,55.0,83,84,positive,positive,positive,positive
510cc96a-089e-40d2-98f1-3760293fb450,ku gama ku humelela mabandido 😭,55,83.0,84,negative,negative,negative,negative
7843f7d6-8537-4420-a280-68c7c23f344b,aweennn ka hissah nem haku sebaa doze,55,83.0,84,negative,negative,positive,negative
7c547f73-2b15-4be0-a3f9-dfbd7c9efa76,utd wa biwaa,55,83.0,84,neutral,negative,negative,negative
2e2d8700-3d83-49ab-91c8-7f85130b5f9c,🇧🇷🚶‍♂️💇🚴 colisença 🇲🇿🚶‍♂️🚴 awe xitombo xa mwako uly istrato xanhine wako lexy😂😂,55.0,83,84,negative,negative,negative,negative
93c78412-105d-4049-a1c6-a4063230a6d1,a xipixe xi dibi a mutxovelo,55.0,83,84,negative,negative,negative,negative
511064a8-b543-4968-96bf-ecd0b5daa367,swa banana pah mas passamos na mesma,55,83,84.0,positive,positive,negative,positive
532fbf99-10c4-4d10-9893-b80dfc4d9578,famba kerekene nhanyana ndizwena,55,83,84.0,neutral,positive,positive,positive
416eaa31-923f-40c9-a4a3-4d27b8861948,ni na nwina nirila moz ka khubu bom dia,55,83.0,84,negative,negative,positive,negative
d4c48606-7a85-4cbc-9854-e484f3640af3,ehhh yeweni lawa ku dog style,55,83,84.0,neutral,neutral,positive,neutral
eccafa1f-a914-4b07-9641-4641a17a537d,auxeneeee tek hoyineee ku phukaaa,55.0,83,84,positive,positive,positive,positive
8cd4b5bd-58c8-4771-8e45-546105ae32d1,ku famba yin la africa do sul,55,83,84.0,neutral,neutral,positive,neutral
80fcc964-a5ed-40bb-b7c1-b80b4a4684e0,ih pahu la ntiru wayi,55,83.0,84,neutral,negative,negative,negative
302859e9-7f36-43e3-a082-5595e429e439,hlula mine u hlula tingonyamo u ta teka tiko i dzaco,55,83.0,84,positive,positive,positive,positive
537b506e-05f3-4245-87c8-dd9074fb9c2b,hahahaha futseka wena,55,83.0,84,negative,negative,negative,negative
460a5076-1266-4019-815c-166c09c0da14,community weeeeeeeeeee❗ avuxeni vanhu vamisava woza friday hlayisekani miyingiseri ahitireni hita hola male yosaseka ixigwambana kusuka la a gwambeland vana va gwambe na dzavale,55,83.0,84,positive,positive,positive,positive
c4955e42-9439-4138-b1e0-4f5798a0a074,nem é wow kasi a ni ya kwini,55,83.0,84,negative,negative,negative,negative
8596685d-bd76-4390-be72-e1aa9c3fc9e9,siku dza mundzuku adzitiviwi hi munhu sê swayampsa utidondzela weeena rosalinaaaa ouça de keyce no,55.0,83,84,negative,positive,positive,positive
f59bf687-71b6-42ba-830b-827415d81f66,id sing hita famba moyeni nkathanga,55,83.0,84,neutral,positive,positive,positive
21248db7-a36e-4b5e-afcf-daee8dba8e95,ku tsaka ntsena 😂😂,55,83,84.0,positive,positive,positive,positive
157e3240-5a24-4523-98a3-80bae5cebf1c,ni kaya kwanga baegtgt wena ketambém durmi pahhhhh porra,55,83,84.0,neutral,negative,negative,negative
dd660f7d-3e9f-49a6-af10-ba7b59541dec,ni hamba male ni tlhela ni dissa muguengana you dig,55,83,84.0,positive,positive,negative,positive
0ef8d467-4ab6-485a-8ee4-467bc18758d0,tia tua filha xa ni dlaya 👏🏽👏🏽👏🏽👏🏽🙈🙈🙈,55.0,83,84,positive,positive,positive,positive
97b4193a-a7e5-4919-978b-395b2bcd491c,mina a ni tsama ka twitter timaka xkola mine ani tsame himaka thanks,55,83.0,84,neutral,positive,positive,positive
71647ff2-6077-4500-964a-c5e6ebb3eb5e,akupfuki wa mbilo xalati matwasa sivar dominguez shishongi ka khombomunimoz na la dobsonvil niri khombomun,55,83,84.0,neutral,neutral,negative,neutral
706276db-442f-47e1-a12d-4acae2917cad,wa ni danissa 🙄,55.0,83,84,negative,negative,negative,negative
b9d21f93-ce10-4a98-8962-7ce596d3b1ac,a nina male minoooo noh tivha ku kina blazes voice,55,83,84.0,neutral,positive,positive,positive
d324a5ee-8486-407a-b397-3f14d56fdce2,stupid little bitch wena wanilava mara ukuluma hi svipiko loku univona uhuma maspritu dentro de dias droppo esta cena então é isso,55,83,84.0,neutral,neutral,negative,neutral
9c07f56a-93e3-4774-82d3-0f928acf472c,wa hlanha lweyi😂😂,55.0,83,84,negative,negative,positive,negative
ce7a703b-30a7-411c-bfba-f851bd4da1ab,koeman pode u famba,55,83,84.0,neutral,neutral,negative,neutral
1b8f830e-30c2-4150-8113-9f2f93677009,deve nikuh loya xa loya,55.0,83,84,negative,negative,negative,negative
3798b21b-63d0-49dd-9bdc-bb6162bc42b2,hedjou mutota xa loya pha🙄😏🤣🤣🤣💔💔,55,83.0,84,negative,negative,negative,negative
abd84022-d48b-4e47-89c3-18c79013a1b3,ova na vuntswaka lowa nhloko,55,83,84.0,negative,neutral,negative,negative
20b16057-90cd-400e-a182-80aa8daa424f,niku khoma nile xokwe mozambique,55,83,84.0,neutral,neutral,positive,neutral
3b2da4bd-a563-41db-9133-19ef2a39f1f3,swoswi nile ka nelly a nkanyini,55,83.0,84,neutral,positive,positive,positive
107bcb13-bbec-49ba-978e-a9663735d262,u zandza swilu😂😂😂,55,83.0,84,neutral,positive,positive,positive
91261eb0-4ac6-41a2-bf58-87acc4f7295e,ni dili ni xuzili,55,83.0,84,positive,positive,positive,positive
937a85b9-bf98-46a5-9a59-fb2ef68b843e,va famba vha nhikana ma sida ntse,55,83,84.0,negative,negative,negative,negative
0093e34d-103b-43c1-bd40-8980d7130bea,hai wena mun,55,83,84.0,neutral,neutral,positive,neutral
8750586f-a98f-4166-a4e3-c38abd664564,ni khensile nd ntava nayena mundzuku,55,83.0,84,positive,positive,positive,positive
5fb4b021-710a-4b8e-a650-da2f612304f1,loku u dlhawa hi precoce,55,83,84.0,neutral,negative,negative,negative
23f8e64a-d51e-4c33-bfa1-838c660f3ffa,twana a marhito ya ntiyiso,55,83,84.0,positive,positive,positive,positive
a8ac12bc-3580-4eb3-aa30-f5285dfcabbb,edgar domingos wa hi xanissa 😑,55.0,83,84,negative,negative,negative,negative
baddccf7-495f-45c5-b3df-55294aad05b0,wena kê xaixai,55,83,84.0,neutral,neutral,positive,neutral
46748cd7-a2a8-4bda-b79d-c281252fd187,u saize wa mbedo wa mina,55.0,83,84,positive,positive,positive,positive
e6293f97-1e80-434d-8729-bd4d69690e96,swi ta hellah leswo,55,83.0,84,negative,negative,positive,negative
e0e94dce-ad9e-46ad-b295-c6dabc06e2d3,kasi mina se nilo onha yini ti tweets ta mina amihlayi vahaxi,55,83,84.0,neutral,neutral,negative,neutral
c8fafa7b-662d-43e6-b2a8-e5eda987288b,mawaku a lirandzoooooh djombooooohhh ya lirandzoooooh mawakuhhhh,55,83,84.0,positive,neutral,positive,positive
f0c826b7-cce1-4bb0-b28a-14d1b1215b65,hedjo a leswi ni switwaka no biwa hi zululwana,55.0,83,84,negative,neutral,negative,negative
07161a66-b6e8-4dbe-9157-552e09ca0f56,khoma xi thia khoma khoma khoma na sua mulher khoma khoma khoma aikhona unga mu tsike wena khoma khoma khoma no seu marido,55.0,83,84,positive,positive,positive,positive
4bdbbb8d-5307-471f-bc29-a781f9f3ecd0,ni dzinginika na nsati wamina nthabiseng mashaba ka xokwe nwana mina inocente mathonsi na conny mathonsi ka xokwe,55,83,84.0,neutral,neutral,positive,neutral
d2e6d97d-cf9b-4ff2-a608-a417e7d1c5ab,hile ku tlangeni na vanwan praia do bilene,55.0,83,84,positive,positive,positive,positive
ab0b458c-8f87-4fc5-8af7-39d2b9c3de29,famba ti kundza nos conta tua vida,55,83.0,84,negative,negative,negative,negative
1599a940-2ada-4d01-91b6-3d18b2c579b6,famba moyeni bafanas,55,83,84.0,neutral,neutral,positive,neutral
1e0153a9-cf41-4326-9925-eb34fd01aad4,ni livrari txau,55,83.0,84,neutral,negative,negative,negative
d89d5f03-e7c3-4ddf-93d8-a1dc0a4da1ad,mara tinsimo ta xitsonga ta tsakisa niku yingiseli nile xokwe mozambique,55,83,84.0,positive,positive,positive,positive
bfde11ab-7bc0-40c3-9f99-f8a1ad585cc3,auxene mo yini kupfuka,55,83,84.0,positive,positive,positive,positive
efcb91b7-380d-4155-be50-96b466cca22f,hi va khale ka mungangu lowo 😍🎁,55.0,83,84,positive,positive,positive,positive
f019de00-7eb3-4b4f-abfa-813de4c52525,aah futsek wena,55,83,84.0,negative,negative,negative,negative
c610fa1a-eaf8-440b-a03a-bcc768721b7f,u peta mate mpfana,55,83.0,84,negative,negative,positive,negative
d3086e58-1aad-416c-b0f2-24744eb9bc32,wa khala pah,55,83,84.0,neutral,positive,positive,positive
76c106f1-1d65-4929-ba55-852195791fb9,rixile vahaxi va mina nimi kuma kahle nirila moz ka khubu la obrigado,55,83,84.0,neutral,positive,positive,positive
93ce9bce-7a60-4aaa-8fac-2b767d231ad5,matshonela yakoh mana mina mabarri yakoh mana mina mas a mpfhana wa nheketo lweyi anga guentanga ih wene ️,55.0,83,84,negative,positive,positive,positive
48dded28-0900-4c37-9c64-42efe7739b10,hosi ya vátsua,55,83.0,84,neutral,positive,positive,positive
25359b81-12f9-4a44-bf74-f87e58354012,ni pfhukile ho yini kupfhuka,55,83.0,84,positive,positive,positive,positive
bf72655b-6037-48f8-a688-33662e0e915b,wa ti khotsa mas ma anca ma ku nyenya 😭😭,55,83,84.0,negative,negative,negative,negative
9efae324-9f84-4eb7-b16f-15afe451a5cc,phula minegue ni diwa até ku huma ndzilo,55,83,84.0,neutral,neutral,negative,neutral
971afc32-b4db-4f47-a923-6d4554e26579,swilo swa kona😂😂😂😂 hi voice ya connizer,55,83,84.0,neutral,neutral,positive,neutral
8f30266c-dfe9-49f3-8397-d194f9ca4405,sesi lindiva niku yingisela kusuka dorobeni ra chokwe mozambique kaya mbuya wayi tiva dstv kumbi wotwa,55,83,84.0,neutral,neutral,positive,neutral
128dd117-d06d-4f68-a322-22dfcd4e308c,hosi xikwembo xanga mamba yanga mamba yanga hi yamukeli😭😍😍😍,55.0,83,84,positive,neutral,positive,positive
29438819-a93a-4d82-825d-50e98f85ba5c,ungulani ba ka khosa,55,83,84.0,neutral,neutral,positive,neutral
7c0b5191-242a-432d-b2ea-359e8f9b3fa5,aaaaassh wena mani,55,83,84.0,negative,negative,negative,negative
b763e2e4-d40e-4a23-97db-b3700a6ac3b8,hi loko bolo ya yena yi herile ka chiefs,55,83,84.0,neutral,neutral,positive,neutral
eeb40efb-f578-4bd0-aa9e-d41432187a99,hina hi hanya mahala ka jesu 🤩🤩🤩,55,83.0,84,positive,positive,positive,positive
473baaef-108c-48ba-b1d3-3b071fe9a84f,a nhama ni dileh a guala ni puzileh a male ni tekileh tsatsara tsara,55.0,83,84,positive,positive,positive,positive
f15958a5-cb51-4ac1-a02e-a3d61746737c,mina ningue fambi hi lane,55,83,84.0,neutral,negative,negative,negative
8f218ce8-21e0-4bcd-84a5-16adbd883703,lwandlexiluva ingoma ya ku saseka,55,83,84.0,positive,positive,positive,positive
b7d08347-d724-423f-a117-8a2581654420,bloqueio ngoma chigumbaze download mp3mr santos macie a leswi swautchai an,55,83,84.0,neutral,neutral,positive,neutral
8cd17fe9-f6bb-40fd-8a52-6af483727953,nita ku hissa mina😎,55,83.0,84,negative,negative,negative,negative
d6ef65c7-98ee-47d4-9398-50e42e906f5f,ndlela yi rhandza mehe,55,83.0,84,positive,positive,positive,positive
c3fd5f4b-bba6-47c4-bb88-97691020e29d,and u tah swi kota,55,83.0,84,positive,positive,positive,positive
85395be2-f264-45f4-86d7-8146911ebccf,loko va yi rhanza cricket na,55,83.0,84,neutral,positive,positive,positive
bfb9cfb8-b9e0-4009-b191-3f0612de0040,hbd nwarikotso kula uringana na ndlhopfo uvulavula ngopfo ku fana na papa,55,83.0,84,negative,negative,positive,negative
1151412a-8009-4a28-92ff-a772b0e4a610,lexi xa rapaz pah😂😂😂😂😂😂,55,83.0,84,neutral,positive,positive,positive
aba1c87b-d9d5-480f-a55b-a130e145b7de,ni bom a caya kwaco khe,55,83.0,84,positive,positive,positive,positive
523b2249-3195-4b8f-924a-924d3798ee69,na hanha nô scrolaranhana ni hamba nkama pra niya studio,55,83,84.0,neutral,positive,positive,positive
5c004d6d-6246-47b1-8430-8bd6dadb177b,mu xava kwini a nyama ya homu,55,83.0,84,neutral,positive,positive,positive
5be23510-c78a-4886-9496-042e5678c6e7,a vhanu vakarhata bay,55,83,84.0,negative,negative,negative,negative
251a7fa3-9f2a-4cbb-a0ca-e55371f87c68,tseka tseka uta ni kuma hi ndlhela,55,83.0,84,neutral,positive,positive,positive
041297eb-c410-4309-980b-738c431a2b37,kanimambo chikwembo xa mathimba,55,83.0,84,positive,positive,positive,positive
96bc4dfa-37f6-4a3f-8d13-c7aa67c4303c,mina ni djula mani no gweli obadias 😂,55,83,84.0,neutral,positive,positive,positive
43051262-cd62-4d12-930c-639e82576d84,mas um dia ih ta vonana 😂😂😂,55,83.0,84,neutral,positive,positive,positive
1db0e0c1-561d-4c1a-9af7-ef8db9a66945,mina vahaxi ani hambanisi swafana na vanhu va hlonge ya mina ntsena i respect kufana na uwani,55,83.0,84,neutral,positive,positive,positive
f5ead233-5f02-4c10-aa7b-c61bafd160c0,manhokonhoko tsem 🤦🏽‍♂️🤦🏽‍♂️🤦🏽‍♂️ swa ti mbangue ni ma cigarri leswoooo😩😩😩 lol just jkn,55,83.0,84,negative,negative,negative,negative
b608dac7-7e90-4087-8068-fe1f5171bd6a,famba txuta hahaha,55,83,84.0,neutral,negative,negative,negative
99b26828-88d3-4d07-bafb-4e3044842b39,np puto jr male ya pepa,55,83,84.0,neutral,positive,positive,positive
ddc9cea4-72c3-480c-98e2-6aacea5d234d,u tadla biloko,55.0,83,84,negative,negative,negative,negative
ac8e5447-74b5-4ff6-a352-cc15a2d2cf28,karingana wa karinganajosé craveirinha,55,83,84.0,neutral,positive,positive,positive
22c7f2d7-72fb-4efa-9f67-9f771dd43ec7,a swa lissima ih kuh tibekah hansi,55.0,83,84,positive,positive,positive,positive
83b2334c-d2d4-4f17-8ec0-1e17901651da,le wena wa ba zoza,55,83,84.0,neutral,neutral,positive,neutral
c3359769-de31-49e7-9051-de0e18eb3240,awena aku duumm amamela asvitwisisisa kahle ntiyiso linene 😆😆,55,83,84.0,neutral,neutral,negative,neutral
f85b6a19-27dd-4540-8bc8-71b4fa66fc93,swa nsila só,55,83.0,84,negative,negative,negative,negative
748a9dbc-ae77-4d34-b034-181b0340fe65,swiya hiko tembisana ka vona e ku sunguleni,55,83,84.0,neutral,neutral,positive,neutral
af49c9d4-9ab3-4e80-9ab0-5070b05e9bd4,ko geno or ko wena,55,83.0,84,neutral,positive,neutral,neutral
e198fda4-8a93-49cc-97ef-6d22030deffc,auxene va makwezu,55.0,83,84,positive,positive,positive,positive
a0aa9438-14ea-492c-96b4-046e50203715,ku lhamba vavakulo,55,83,84.0,neutral,neutral,positive,neutral
bfab24ef-be84-4ad7-9730-81f675bc22d8,vavassati vaku xonga tsamani mu xwitiva swaku mina na mi randzo zico s voice,55,83,84.0,positive,positive,positive,positive
3f89c15f-06c0-4be4-aef6-4b92cbe43265,salanini vha hi ta tlhela hi vonana loko fifa a swi tsikasalane salane salane,55.0,83,84,positive,neutral,positive,positive
47df7bb4-feba-412b-acd9-e2126d9b343b,vatlanga ha lona😂😂😂,55,83,84.0,neutral,neutral,positive,neutral
2f522d86-9a5c-474f-9e76-1a98b0a5dd56,ni bom pá wene ke,55.0,83,84,positive,positive,positive,positive
ce56c235-0a44-4504-a25b-4f492c353149,kutta ka bacha,55,83,84.0,neutral,neutral,positive,neutral
22b53688-2556-4db1-9dd3-ba7c8465ddf5,ni yingisele kola ka chokwe sponono,55,83,84.0,neutral,neutral,positive,neutral
1001f3e4-f702-4577-83c9-6ba64d7dcd04,xilo ndla yin ni kayerini,55,83,84.0,neutral,neutral,positive,neutral
0864a770-4197-4387-a2bf-7d5f9cfbbbbd,na mina ni bom,55,83,84.0,positive,positive,positive,positive
305ba969-d41c-401a-a0e4-ad9c1b5b66ec,wuaa swa ma supera patrick ani tendere,55,83,84.0,neutral,negative,negative,negative
0935db5c-32a0-4032-92cf-eb1f5dadcdc4,a makhessemussi nkata ni ma lua de mel hitada xikamwe ungatxavi nkata hikussa sse hi txadile,55,83,84.0,positive,positive,positive,positive
b31c6252-7b41-428d-83d0-c8be5a75eac6,yehova hi murussi wa mina marracuene,55.0,83,84,positive,positive,positive,positive
e77b02f2-0853-45a7-8639-57689038c923,u tah yi phuza impala,55,83,84.0,positive,positive,negative,positive
3d8642b0-772a-44a8-a528-e939bfb64120,nimu yingisela nile ka xokwe mozambique dstv,55,83,84.0,neutral,neutral,positive,neutral
a2ba8017-c3aa-426b-bd4d-483897dd85a7,lol mina ni dilitile,55,83,84.0,neutral,positive,positive,positive
09172d96-5623-42d1-9ca3-9fab6b2f3eda,auxeni hoyini ku pfuka😉,55.0,83,84,positive,positive,positive,positive
8a9b3769-cfc3-4137-a1f0-96636e59cc0a,khanimambo nihine lá kaya fswa hi anpsela hi dlhawa hi xirhame ntsen mas fswa hi fambela minturo ni xicola xa vana,55,83,84.0,positive,positive,positive,positive
a6aa7809-f1af-4ca4-ada4-47686fba8b76,u tsama u ui vona a mbongolo yi nga xidjana 🤔 ih leyi lani 😂😂,55,83.0,84,neutral,negative,negative,negative
d2356d67-dd5e-49c8-a52a-377486375989,txuvuka dzanku logo uya wa kwela kuvuya ka wena hitaku yamukela,55.0,83,84,positive,positive,positive,positive
acbbf914-bf0e-4050-bb78-de0c61b80cd0,hunga kwati vavito ni dzivalele,55.0,83,84,negative,negative,positive,negative
0f33c7a4-355e-4b0c-8f99-7b8cc8721f44,senhora atirha hospital privado lani a humaka kona vatwa hiyena vana vayena angava pfumeli vatlanga na vana vanwani,55,83.0,84,negative,negative,negative,negative
1a514554-d9c6-4fb1-8d08-c4b5a3319924,le ya ntombi,55,83.0,84,neutral,positive,positive,positive
d1e3eeec-56ea-4534-9671-cb6ea9a1b93e,hi pfukile wa matimba wahi londzovota,55,83.0,84,positive,positive,positive,positive
99624978-849e-4acd-a60f-d8119dfa1ccf,la ka mina ku dyiwa ti coconut maputo mozambique,55,83.0,84,positive,positive,positive,positive
03073c31-cc6e-425f-b255-442253b36889,ho yini kupfhukizzy,55,83,84.0,neutral,neutral,positive,neutral
5db8112e-aa0e-49be-a5fa-1f9fc07e7381,ehhh hi dhlawilêêé wa vizinhooôoooooô,55,83,84.0,negative,negative,negative,negative
e5e76413-9163-48b6-a342-128ffadceb72,niku yingiseli nile xokwe mozambique ni khensa leswi uyi dondisaka swona muhaxi,55.0,83,84,positive,positive,positive,positive
e9d64bc1-f207-45ab-bf32-28727494436b,munhu wa mina ku saseka,55.0,83,84,positive,positive,positive,positive
caa4dd6b-db38-47ee-9133-a48434c9f7e0,shiii minhas amígdalas swa wawisseka,55,83.0,84,negative,negative,negative,negative
6e59be48-ca9c-4adc-a215-55c0aa02e0ac,ni pfhukile akuna swa ku kazata ho yini kupfhuka,55,83.0,84,positive,positive,positive,positive
02ec11d7-026c-4ba8-ab9d-ee452c670238,ni taku orientara pahh,55,83,84.0,neutral,neutral,positive,neutral
4507dcf3-5d1b-489f-8e11-ac05c93eb0ac,unga ni singuite ni mumu ló,55,83.0,84,negative,negative,negative,negative
5d0c00f1-48b5-4aa4-82fb-abd00d3c24b4,wa ni danissa ‍️,55.0,83,84,negative,negative,negative,negative
612f6776-bdb2-49e3-bab0-a316c7d8acf6,swa hini a ukanho dza bom,55,83,84.0,positive,positive,positive,positive
b696c6db-8797-4f2d-b343-75e10dd3047e,wa ndzi tsakisa loko u vulavula xitsonga hlaya,55,83,84.0,positive,positive,positive,positive
04d8caf3-c649-45eb-b183-e592fec3aeb2,vata i kuma ximuxueneee vaku magumba haleenooo,55,83.0,84,neutral,positive,neutral,neutral
422cc8bc-f815-45f5-a46c-860a87baa1cd,hinkhomo mo yini hi ku pfuka,55,83,84.0,positive,positive,positive,positive
b274bcc8-bcc5-4b5c-8f36-0aa06879dc35,mu randza xwa mahala,55,83,84.0,negative,positive,negative,negative
0b530bcb-79d1-4e9d-93e5-34397a4a4757,a i landzi ti dhlela,55,83,84.0,positive,positive,negative,positive
da93462e-7b5e-4e94-a5d0-3e313cc07800,rixile vahaxi vamatimba ni lhomukile amu badweni niyo niyo nyima niyo ta ni nyimela nwina muhaxa nita dja mpungu nitaya tirwene,55,83.0,84,neutral,positive,positive,positive
15e3dc7d-50a9-406c-868c-af924d9c42f5,ni pfhukile ni khensile,55,83.0,84,positive,positive,positive,positive
99774651-4f72-4903-86bc-d95a0fe8ba88,a xitilo xa bobi hi xi,55,83,84.0,neutral,neutral,positive,neutral
76e01045-defb-40a8-9cd3-8f6e6d507f6d,wasvivona svosvi kopfukiwa hikhanga hi svihlaya lesvi khaaale,55,83,84.0,neutral,neutral,positive,neutral
f530f91b-1170-4156-bf42-b612b2c660a5,ni pfhukile khanimambo,55,83.0,84,positive,positive,positive,positive
b557d4fe-549a-4bd6-8d20-dd575b2aa85d,wa biwa lwei,55,83.0,84,negative,negative,negative,negative
dab5d4cb-543b-488b-8fd5-556c75dc8d6c,namina one day vata ni posta va beka mbilu ❤️😩,55,83.0,84,positive,negative,positive,positive
23682112-69cf-4c67-b313-9f0442edf65c,unga ni lhanhele mina,55,83.0,84,negative,negative,negative,negative
6fa43983-2c93-4c83-b711-c9fc878357fb,hi honili ini já,55.0,83,84,negative,negative,negative,negative
9edfedaa-0f36-4d13-ac66-d19c1ab00d0c,uh stivissa ku ine leswu,55,83,84.0,neutral,neutral,positive,neutral
3b8ea33b-c180-4bfd-a7d8-3f5447e21ba4,mara buti sydney xikwembu ximu nikile ku hlamusela swilo swi nandzika wativa ingi ova kwale,55,83.0,84,positive,positive,positive,positive
b14b266e-af35-4fbc-8507-5cff46ea1f39,tá ti khulo a swa tlhavi swo hi luma,55.0,83,84,negative,negative,positive,negative
d0623898-06ec-48ca-8b5e-4c3e8d0dea41,tsika ku hi lhanhela wena,55,83,84.0,negative,negative,negative,negative
994b2b1b-7306-4b41-9005-74ef907d0ede,dzixile na mi lossa va yakelani,55.0,83,84,positive,positive,positive,positive
b605dfbf-cff0-459e-867d-e1ff252d826d,😱 oh hosi yanga 🙆,55,83,84.0,neutral,negative,negative,negative
aedf5c18-4948-4ed7-b7a2-0c22d9acfaef,bom tarde matxaka ya mina‍️maputo,55.0,83,84,positive,positive,positive,positive
fd517160-1e49-4a72-ab31-2be57ef410a3,😆😆😆😆😆😆😆😆 a xizame da kwapa mesmo,55,83,84.0,negative,negative,negative,negative
00d01f99-4204-4f3b-ad50-76fdf55f8736,a xi hembi😂😂😂,55,83.0,84,neutral,positive,positive,positive
a0d6f4a3-a468-4983-97f7-cdb2071472e5,para depois anga nandzike🗑🙆🏽‍♀️ leswo swa ma foto hum,55,83,84.0,negative,negative,negative,negative
551ea776-ac9a-4228-be12-c69d9f16060e,ni khome buti,55,83,84.0,neutral,negative,negative,negative
1c299e04-11b4-40ee-be04-30ff477dd434,nambe mina ni pfhuki kwatse khanimambo,55,83,84.0,positive,positive,positive,positive
b8b5623a-e0a9-4136-ba86-79d1ca22549d,😹😹😹txuvuka leswi lani 😹😹😹😹,55,83,84.0,neutral,positive,positive,positive
b80198f3-9f6a-4bbc-9ebb-313953a30ef8,nilava va khupula byala na mudende,55.0,83,84,positive,neutral,positive,positive
bebab828-53f8-4234-8763-08ad9450688c,dzi xile va makwezo,55.0,83,84,positive,positive,positive,positive
b1ad086e-2ecb-4863-bca4-4a60b1c22c9f,xanga xa malembe xita vamba xita buya,55,83,84.0,neutral,neutral,positive,neutral
f8ef7fff-7351-41c9-b526-83ab361f89ca,u ni txvah yinih,55,83.0,84,neutral,negative,negative,negative
460b5e4a-8c1e-4919-b6b6-b43200cce4d7,uta ni rila uta ni khumbula,55,83.0,84,negative,negative,negative,negative
5f9dda6b-cda0-4338-8708-5cea3d42b83b,dj brian nzi kombela a ngoma leya summer wa rhanza ku endla advert ha yona ka tv hambi mi tsanzeka rumelela vito,55,83.0,84,neutral,positive,positive,positive
5b629356-3e5e-4071-b2fe-b67c26189378,wena a ni ngue ku hi hloko ni ngo ku yentxa nkatanga ni ku phamela liradzu siku ni siku 😎😎,55,83,84.0,positive,positive,positive,positive
087eef96-123f-41ad-a032-05be375d992a,conforme mi swi vonaka,55,83,84.0,neutral,neutral,positive,neutral
c90de75c-f014-488d-809c-67e22bde1fc6,b money ft mr bow edu liloca kastelo bravo nuno abdul and hernani ni ta ku fonela rmx,55,83,84.0,neutral,neutral,positive,neutral
bf6f6eb0-7aa9-434d-b373-1bf9498d52f9,sister lowi hikuya himina angatekiwange end ana vana vanarho va papa vo habana end angangeni kereka nabiya wa phuza,55,83.0,84,negative,negative,negative,negative
5649316d-8cca-4845-8cad-e365933c7d3d,wena no ku randza hi ku pimissa,55.0,83,84,positive,positive,positive,positive
5c43d19b-fc23-46b4-8435-b5b8b954cfdf,dzixile ho yine ku pfuka,55,83,84.0,positive,positive,positive,positive
cc1a32ce-04dd-4c87-a90c-ebc36341a39f,na xipano xa phaphama inkomu swinene ahitireni hita hola male yosaseka siku ra kahle na kava engiserhi ixigwambana egwambeland,55,83.0,84,positive,negative,positive,positive
939fa1ac-6b3c-45e9-9c38-647430fdefd7,unga lhai lava vá lhayaka swaku kuni ma gerador nem a vá kutive albasine cola ka maputsu ambi bobole loko kungana placa ava ku tive ja vá tiva ma gerador ya tiko hewenou hambe male kona ma gerador a mana gasolina pru falta ya orçamento,55.0,83,84,negative,negative,negative,negative
0dc3f7af-a95f-49f5-99cf-b4645c30a644,conforme muswivonaka va timile maguezi khanimambo edm,55,83.0,84,negative,negative,negative,negative
2cc5eaa3-0f51-4779-9574-f3514b3ad041,mara wa yimbelela matswabemuda suka madoda,55,83,84.0,neutral,neutral,negative,neutral
e2d69c6b-63bf-40e7-b8ff-f93af3efcd9b,hi ta hambana hi ma central 😭😭,55,83.0,84,neutral,negative,negative,negative
de0e480c-420f-417b-9971-54180b9df37f,ni xi navela ndjani lexo,55,83,84.0,positive,positive,positive,positive
26e736c2-0049-4566-bbee-7a6399387598,swa fana hi tafa,55.0,83,84,negative,negative,negative,negative
94ccc05b-35da-4e2d-99ab-e77b22c6ee0d,wenna hu ta ni txanissa ih voz man,55,83.0,84,negative,negative,negative,negative
55844789-e122-4783-9cc7-17832eecc461,cada porcaria hosi yanga,55,83.0,84,neutral,negative,negative,negative
c83c1338-0f35-4f27-90ee-b6ab5bd6765e,teka famba djo,55,83,84.0,neutral,positive,positive,positive
22e550bb-027a-411e-833d-bcb6c89e02ae,agana tigana lweyi wa mamane a tiya aya kuma nhimbou agama a swi teka a swivanani a swi peta derenajii,55.0,83,84,negative,negative,negative,negative
b42691ff-947c-4fd2-beab-ab418f41993a,kulova swa xijumajumani nkarhi wo swirhambo akuri hava,55,83,84.0,neutral,neutral,negative,neutral
84fab20c-1c01-40d4-a559-71f5ffecfe64,uh dzah ih mbangue mr virgil,55.0,83,84,negative,negative,negative,negative
79d9a5f8-114a-4d1b-988d-fc06e10cff1e,a loko niku vona a ni gwenteeee 🤌🏽🔥🔥🔥,55.0,83,84,positive,positive,positive,positive
e3431ab4-ca1a-4fd1-b7f2-84edbb607780,ni bha ma fato ni ma air force,55,83,84.0,positive,positive,positive,positive
fcc19c2c-d883-4bfe-8563-df2671962882,hi nga ribali futhi na mhaka leya ku dlaya vanhu va ti albino,55,83,84.0,negative,negative,negative,negative
17e0591c-de58-4ce1-bb8b-f3ce66f6e23f,hambi uku nhó 🙄 um dia uta sunguna ku phuza na mesma🚶🚶🚶,55.0,83,84,negative,neutral,negative,negative
cbc7ca24-873d-441b-b973-5257adda0721,ni ku kumile a wussiwanini kambe namuntlha wa no xanissa,55.0,83,84,negative,negative,negative,negative
aa6a9f32-672c-4c71-addc-2230587e51ee,afinal fere a vista 😂😂😂 ni dzivaleli a ni nga swi tivi 🤣,55.0,83,84,negative,positive,negative,negative
ea476022-4ecc-436a-a34d-f80c54393803,kulo sala ku ni tlela kanwe before ni vuyela joni,55,83,84.0,neutral,positive,positive,positive
16aac848-fdd0-4b9d-bd02-7c5f4201cf81,swi nga va njhn loko mo xavisa paper ra far post every week hita sapota nwana mhani,55,83,84.0,positive,neutral,positive,positive
56cc6e74-a864-40bd-be72-dbe7f6dee765,a mathapa na ma randza,55,83,84.0,positive,positive,positive,positive
d896e08a-9b52-4c56-bccc-5d695ba822e4,niku lovola a u lovolanga mara wa mu postara mwana wa vanu ntlha,55,83.0,84,negative,negative,negative,negative
cf9cd69b-0056-445e-96d2-610326a8417d,december ni tirhisi leswo tala ntaswi vona january cidade de chokwe,55,83,84.0,neutral,positive,positive,positive
e4b2a88b-6bfb-4a76-b9e5-301b933178d4,na mina xani rhandza phela loko xini vona xani tsutsumela,55,83,84.0,positive,positive,negative,positive
86fc3424-940c-4501-a1b2-fd63c3fae9f7,esh na mina se ni mikuma kahle niri khombomunimozambique,55,83,84.0,positive,neutral,positive,positive
c27c0ff0-d769-44cf-9b52-ad09b1306527,nina nwinaahi fambeni hita fika le ka hour 1200 mutxayeri ifambisa kahle nongonoko mina ni tsame la back seat la a gwambeland intukulo wa gwambe na dzavale xihluke xa ngungunyane,55,83,84.0,neutral,neutral,positive,neutral
9a471cef-460f-4cdb-a4e2-73e515d094ab,ni xisela wena,55.0,83,84,positive,positive,positive,positive
ee0c8d00-8d2a-45e8-8ae6-abb423b8f282,va galhi timbatsana kamarracuene,55.0,83,84,negative,positive,positive,positive
c21fb1a6-2160-409c-b0cd-2e6b1f0a18da,naminau kata na fhinavela acufamba ni ti tsaguela cubo uia xplanada,55,83,84.0,neutral,positive,positive,positive
3650815c-1b63-427c-b20b-2c6b4c02f6e8,tem ni dondza primeiro para ni khanela,55,83.0,84,neutral,positive,positive,positive
2ef50e4c-347d-46f1-9f3d-1d28ccefd92b,swi dja kufembiwa,55,83.0,84,neutral,negative,negative,negative
a1b5a267-befe-4aa8-b965-b0c4b12bdea5,ha uh ta ku hini,55,83,84.0,neutral,neutral,positive,neutral
1fdbf5d9-295b-4fa8-bcb6-b364022da39a,kama bill gates angekua ni nchi basi angekua ni nchi ya kwa utajiri duniani,55,83,84.0,neutral,neutral,positive,neutral
8fecec47-831c-401c-9da9-d909f8970911,a yini buluku yoh phondla 😎🤘🏽,55,83,84.0,neutral,neutral,positive,neutral
d577c7eb-ce2f-4bfe-bf28-8b19b11507c5,hipfukile ingo wena,55,83,84.0,positive,positive,positive,positive
d0fc4d74-8f98-4c6d-a12a-7c138bbdf933,ni huma na marhama hey khensa nsati wa mina wani hlayisa xem,55,83.0,84,positive,positive,positive,positive
d12dddca-0a4c-41f3-8c27-b3457f65f97f,moya wa ku xwenga,55,83,84.0,positive,positive,negative,positive
0615646e-141d-4950-b447-c1ec531d31ee,ku biya kwaku😂😂,55,83.0,84,negative,negative,negative,negative
3ef3d7ac-3f75-4ce3-8683-b0256d542e5b,hinkwavu mu nga khanela ih vona ih ti nguavani the end 😂😂,55,83.0,84,negative,negative,negative,negative
8fccbeb2-2fdd-4e48-8803-e82a7c75f1ab,a male ni dile,55,83,84.0,positive,positive,positive,positive
b68866e9-b7d4-4207-9a9e-1e0221ebf416,awuxeni va haxi va mina va nduma mina nipfukile nho dja mpungu ni lava akuya dsundzisa aritiwa ramina nihlaula amudji watimali,55,83,84.0,positive,positive,positive,positive
8d9eca7a-3e66-46f4-93d2-a8beb0d13970,swiswi ni vona gavin a hindzela mahlweni,55,83,84.0,positive,positive,positive,positive
0bd5f691-2b0d-413f-b661-3773dc81047a,u la kuta ka mina ungati na usiku u zama zama kuni phazamisa u la ku nivuyisela a gono ni meticali,55.0,83,84,negative,positive,negative,negative
7a8670ae-47f5-4900-b821-630803da3bfb,ke ko maputo wena o va,55,83,84.0,neutral,neutral,positive,neutral
cac4942e-305b-4707-8ea0-823a211e9ecb,va makwerhu a mungoyothaya em tomanineguijá gaza moçambique,55,83,84.0,neutral,neutral,positive,neutral
89cf0d32-001b-4418-8c47-74e1d0af3de7,nghamulas na muvona loyi atikomba akudya angaholovana naswona muti ariyexe yo tsoveleliwakunene lava hi lava va malaitxa hala jone mara loko vafika akaya va hembela avanho vaku vona i hendeva hemba,55.0,83,84,negative,negative,negative,negative
bc9777b3-a5e5-4853-85aa-efcee4ad71cb,hbd muhaxi wamina kula swinene xikwembo xiku katekisa tindlhelene tawena ku navela kawena ku endlhekani rivaleli akulhwela ni xave amapawa nilava akuku navelela asiku hi wona niyo pfumala amunu akumu nyiketa,55,83,84.0,positive,positive,positive,positive
212d82b3-da87-4677-97d6-aad106860e9f,wa nsila lweyii 😪 damnnnnnnn,55.0,83,84,negative,negative,negative,negative
3b152af4-4786-4fb1-9516-b9b9584738a4,na hanya ni khensile,55.0,83,84,positive,positive,positive,positive
b35ced6b-43f0-45c5-980d-6610394eef68,na wena ti twissi a u hi voni hina hi puzah má dswala na hidla ti nyama hita dzudza switresse discover happy by mr bow on deezer,55.0,83,84,positive,positive,positive,positive
e7b861a1-5be6-4ead-ba2c-147d75e50a5f,mabermuda matilhoxa wula wula,55,83,84.0,neutral,neutral,positive,neutral
67802bf7-d832-406f-917f-3f4a257f5f67,hali nem ti fica bem falar changana awe ungani nhenhentsi,55.0,83,84,negative,negative,negative,negative
726e0ad2-c140-4dd0-b30c-55fe7545e9e6,auxeni madala u bom,55,83.0,84,neutral,positive,positive,positive
ead095f5-fded-49a4-9381-afe33263bfac,conforme mo swi vonaka,55,83,84.0,neutral,neutral,positive,neutral
a86a3791-70ff-444a-95e9-959f84b5730f,hô yini hosi ya ma rima,55,83.0,84,neutral,positive,positive,positive
b56d7202-44e4-4921-a39e-6b06e1d5679e,ja wena stella,55,83,84.0,neutral,neutral,positive,neutral
deb91eb2-055b-40f4-950a-62ae07a910ab,wa hi hemba mane,55,83.0,84,negative,negative,negative,negative
6dbdcf67-dafe-478d-974f-2610bc8c2deb,hahaha ni hlamba ti ntiho,55,83,84.0,neutral,neutral,positive,neutral
e88164ca-0850-4b57-bd40-7fcc7b772cf0,tiva hini hi khu fassa 😡,55,83.0,84,neutral,negative,negative,negative
5726f783-431b-4d9b-914b-16d7a2b3030a,hini ya tsutsuma bai heeee malembe ni malembe ka mugango lowo,55,83.0,84,neutral,positive,positive,positive
d6d6cf4b-2992-48d6-957e-b20ac8bc8013,wandilahla hla wena shm,55,83,84.0,neutral,neutral,positive,neutral
e3721141-1675-4abd-a044-3c4f2078aaf5,ele ali blah blah blah ni ta ku dhlaya maki vá ku mu shim hloku ih ku gah😭😭😭,55,83,84.0,negative,negative,negative,negative
6a26ca5e-fb3a-4178-8d89-c1ac0fd901c7,admitam mu vha yive nwine,55,83.0,84,negative,negative,positive,negative
1e42ed74-808e-45ae-9fa1-7ffeb3a51e00,timaka ta tiku hayi dza vhanumupfoti hina hi tsama na hi kwatille e loko u vhutissa hi kwatela hine u tatwaswe tititi,55,83,84.0,negative,negative,negative,negative
9a7c0883-de5c-493c-82b6-1e93f9f84f62,xitombo xa nhomphi,55.0,83,84,negative,negative,negative,negative
23dfd9aa-1e4b-4cf0-a67c-f2ad21e69600,hahahahaha yu yu yu yu wa hi danissa,55,83,84.0,neutral,negative,negative,negative
0ede6699-a55b-4603-bcc5-31d012bb2d2b,a gwala hi phuzile,55,83.0,84,positive,positive,positive,positive
9fafccc5-31ff-4e31-8013-a4828e1c4781,a mu txoveloooooo 🏃🏾‍♂️🏃🏾‍♂️🏃🏾‍♂️,55,83.0,84,neutral,positive,positive,positive
46d1541b-1723-45fb-b011-7a0aee4c320e,ikhali mina ni zunga waku djokuni tolovela sg,55.0,83,84,negative,negative,positive,negative
94dc431b-b825-4da1-a8f0-ed6d76b6e9d0,pfulani ndlela niya vona mhake wa mina niya vona buti niya khoma ti tombe ta maswula niya kuma wuswa la ku sila na dledlela laku tsakatiwa,55.0,83,84,positive,positive,positive,positive
3baef149-adab-4ec3-af97-131b692d2e82,aswive tanu naka khompela ufanele ku hambana na kaizer chiefs,55,83.0,84,neutral,positive,positive,positive
a3f25469-f63c-428a-a594-64f83f377194,hi ta kunhemela le titxini ikussa ya ku randza na hina há kuxuva makhero,55,83.0,84,positive,negative,positive,positive
837d65d8-7f7a-4e08-a39a-d71dfc97784f,conforme mu swi vonaka😂😂,55,83,84.0,neutral,neutral,positive,neutral
cd927411-204c-4786-acf7-af6c7802d08b,nwana mutxangane i mutxangane em praia do bilene,55.0,83,84,positive,positive,positive,positive
6da194d5-93bb-4a5d-94fc-866bdac892c5,utiva goze yaaa mova ya mbolo ayutive,55,83,84.0,negative,neutral,negative,negative
e9ee689c-3001-41ec-8144-9ed0ed1b0fed,loko i yala u tava kwatisa vaka gallo,55,83,84.0,negative,neutral,negative,negative
762c6924-cc18-4c90-9d26-d209dabcb8c4,ni pfhukile a va tsongwana va thlanga khanimambo,55.0,83,84,positive,positive,positive,positive
58afae12-f00c-4013-856b-72e62a6070fd,hi tumbo wa siku dza namunlhaa,55,83,84.0,neutral,neutral,positive,neutral
a0a5a73b-56af-4be6-bfa3-36b1d63487d7,ni pfhukile ho ini kupfhuka,55,83,84.0,positive,positive,positive,positive
6f111650-6e81-48be-887c-595af919a987,ni tsiki denilson 😂😂😂😂😂,55,83.0,84,neutral,negative,negative,negative
fbf80558-88d5-4b2d-98d1-48071bc8dba5,a vavasati va ma mecha ugue vá heti wena,55,83,84.0,positive,positive,positive,positive
276da643-5000-4f39-b845-3efe2c0184e7,akurhula ka hosi vahanhi tiko yes wavuya xikombisso hiii leswi yendlecaca swoswi ahikhongeleni ngopfuu swinene,55,83,84.0,positive,positive,positive,positive
fdafe387-a59a-4f8f-b426-90db14fc9bbb,nipfukile vhahaxi niya atirweni ni ndlhula nixava amapawa dj iwamativa,55,83.0,84,neutral,positive,positive,positive
40fe5bb6-609c-438e-916f-829eee5dfa83,mamana uyosala etse a tlhumala panghalato 🎶,55,83.0,84,neutral,positive,positive,positive
101afede-1048-4525-9be8-db3a3a20c2a7,niva vonili lavaka mhani ku va xongile swinene ndlela ya xai xai na yona ya penga na leswa maphorisa loko swiku yimisa swo tirha ro no problem the problem is coca cola,55,83,84.0,positive,negative,negative,negative
7c62a913-7d8b-4c05-8bef-789407d9e092,rise and shine auxeni va makwezu mo yini,55,83.0,84,positive,negative,positive,positive
bc3cce2d-ebe9-4aca-9762-3e823dd7685b,kasi swa vava ku tsikiwa cidade de chokwe,55.0,83,84,negative,negative,negative,negative
7f5b37ab-3149-432d-8367-081cfe7f7ff5,😂😂😂 mas wa pimissa nyana,55,83,84.0,positive,positive,positive,positive
f401caf7-604d-436e-91e5-6747fc1b10b8,swi mbeni e má vagwi ya má like,55.0,83,84,negative,negative,negative,negative
9ce5f4f4-682a-4cfe-adb2-9ec67f6dcf12,mas khasi a u teke nsati hi maka muni,55,83,84.0,negative,negative,negative,negative
abfb46f2-7ae2-481f-af4d-03f5ed651e5d,a xitombo xa nandzika,55,83,84.0,positive,positive,negative,positive
64b95915-165c-4cfb-8891-7d52bc0cd156,famba ti kundza invejosa 🤣,55.0,83,84,negative,negative,negative,negative
fefa0c5e-5984-4ebc-8a94-5d3fc7121348,hi kussa lirandzo la mina na wena i originale i originale a loko niku xamina xawena teka xamina xawena teka,55,83.0,84,positive,positive,positive,positive
0955647b-561c-4367-a1fa-002c09d1e715,ya suka daqui 😂🤣😂,55,83,84.0,neutral,negative,negative,negative
135f2bf3-3945-418b-834c-df192c83ba6d,loko era mina,55,83,84.0,neutral,neutral,positive,neutral
7c4f57f3-5657-4527-a130-8838173f23c9,i nkarhi wa malamula,55,83.0,84,neutral,positive,positive,positive
2de1f8a1-f30b-4ebe-b3ef-8ca85569b872,a ta ti nhela😂,55,83,84.0,neutral,negative,negative,negative
945a6f5f-4292-4100-ba27-e90de436c62b,niku vonile na nifamba hi movha ani jahile niku vone ka nkuna ka palmeri,55,83,84.0,neutral,neutral,positive,neutral
3053c396-a1e5-4e1d-96a0-60cb194518b5,muhaxi lwiya ho hatlisela ngopfu loko a haxa hi wini wakona left or right,55,83.0,84,neutral,positive,positive,positive
a17c8475-d2c4-4fae-b843-68fd91c15014,😂😂 conforme me swi vhonaka isto requer uma conxienxia e idade elevada,55,83,84.0,neutral,neutral,positive,neutral
28e5b491-0ba0-4d2d-8a50-a4015e160272,vari niku byela swaku vaku rhandza ka chokwe he,55.0,83,84,positive,neutral,positive,positive
adab5b0c-70c3-417c-8ffa-4043ed94aa63,heeee wenna ni tsiki,55,83,84.0,negative,negative,negative,negative
38319c09-3f66-4946-b09c-7c7aadda176f,wa yitiva wena kumbe hota mbangui loko yi nhiwe himbutina we,55.0,83,84,negative,negative,negative,negative
e853a53f-41ef-4397-ac4a-ac91bbc8c8b8,a lirandzu la patima,55.0,83,84,positive,positive,positive,positive
55b33f2c-b42f-4697-8562-40851592b5a1,mom of kids mamana wa vanana,55,83,84.0,neutral,positive,positive,positive
9493ff31-70cc-41de-a9bc-e40cac8d9478,vataku yivissa mova mamanou owooooooh wa tlanga wena keep tlanguing uta dzila,55.0,83,84,negative,negative,negative,negative
5875906d-0fea-44f9-b892-fc9562e2ccaf,auditoria wa matximba,55,83.0,84,negative,negative,negative,negative
4ce2324f-8f5e-498a-82a6-8be020978201,mindzumba nina wena mais vehlo kuna moya nyana namuntla,55,83,84.0,neutral,neutral,positive,neutral
1ceff83f-2630-4039-b55d-4ff1b8064d24,unga andlhali lá bazara mintxumu ya caia😂🤣🤣🤣🤣,55,83,84.0,neutral,neutral,positive,neutral
dd698e25-88e1-46bf-8e63-70ce619ee68f,yena a ya kwine,55,83,84.0,neutral,neutral,positive,neutral
510b5e53-43b7-46c7-9823-5a85830a7cda,a ni kulumi txumo,55,83.0,84,neutral,negative,negative,negative
a64105fe-fb03-4fe8-9b66-2a8414ebf521,mina ni pfukile mo hini a ku pfuka ke,55,83.0,84,positive,positive,positive,positive
c61c2575-2b50-4336-ada4-0954e7072fed,he mfoo wa xitwa xipapilani xa kokwani dala,55,83,84.0,neutral,neutral,positive,neutral
f62b0576-f7ce-4f47-853a-8ee28ac5dbf7,na mukha ni ya kaya,55,83,84.0,neutral,neutral,positive,neutral
38e08402-4cb6-45c3-a7fd-d38e6a5af4a4,ndzi kahle ngopfu ndzi khensa vuyingiseri bya wena paito hina hi kwala bileni ka masiya hi ya ka xaixai,55,83.0,84,positive,positive,positive,positive
0ec4ab79-fd51-49bd-b6e1-c858fe793971,u peta mati wa xi vona,55.0,83,84,negative,negative,positive,negative
dcb5c0ec-5d78-49bd-a37b-3a884104fadf,ih hedjooo wahifuma,55.0,83,84,negative,negative,positive,negative
33f76d81-6d7a-400b-9447-f89d4253cab9,i vona hiku na loku mihlangana anipfuxeliwi niblockiwa ka ti social ntwrk,55.0,83,84,negative,neutral,negative,negative
d27dd88a-5911-48e5-b97c-90f63f3393df,buya lenu niku dondzissa ‍️,55,83,84.0,neutral,positive,positive,positive
032d3a16-333f-4fde-8938-353f79f31d96,epa a swi dare,55,83.0,84,negative,negative,negative,negative
f146a54b-54fa-42f3-b57b-7c39a049d06c,a mavele ya ku tsamisseka,55,83,84.0,positive,positive,positive,positive
ee376e58-de67-422f-b29b-9a3cbd4152e6,a va vassati va loya,55,83,84.0,negative,negative,negative,negative
9709aee6-321b-4ac7-9461-b8f18b5fe555,munganu leswi swa lhanhelana bha upimissa swaku o miss universo loku upfuka yuuu uli hansi,55,83.0,84,negative,negative,negative,negative
f1379e33-eb7d-4e10-9b85-80e7535968a7,futsek wena eh,55.0,83,84,negative,negative,negative,negative
ecb2e33d-91e3-4433-86b0-ad0549e2ef54,ok a chikwembo cha swi vona,55,83,84.0,positive,positive,negative,positive
9c1cb3e8-e30c-4372-a455-d7da57547c68,mi nga rivali ku happy birthday eka mina,55,83.0,84,positive,positive,positive,positive
5a12385f-d8e3-4220-a0b9-bbb2fcbfe1e6,hiii woh ni danissa bae,55.0,83,84,negative,negative,negative,negative
6b507249-2ff6-491f-a35e-dfa9eab3ee79,hi pfuki bem a whana wa tlhangua akuna ku karata whina ke,55,83.0,84,positive,positive,positive,positive
5526d352-608d-45cc-a0d3-83a361d6b49e,heee ha ni wa lewso mina 😭😭😭😭,55,83.0,84,neutral,negative,negative,negative
7a9b6caf-8dec-4d7f-bb03-938999799203,unga vhoni ku gwira ni tlhela ni thakula mina khata kambe akuna munwane ane lweyi tsakisaka minouu,55,83.0,84,neutral,positive,positive,positive
a4613c5d-33ac-4a87-8378-9955ae5c3081,a titia lweyi adja cohiba 😭😭,55.0,83,84,negative,negative,positive,negative
e26b3ba3-9e68-48c3-b7c2-4874add056c4,sesi famba hi wexe uya vonana na papa swinga endla mhani tsongo vangari kahle,55,83,84.0,neutral,neutral,positive,neutral
3e77114b-0f0b-4fec-9fb6-1fcb2bbcd1d4,comekiéee ni speed cumbi sfwayantswa,55,83.0,84,neutral,positive,positive,positive
1ad51fe9-53a4-4e9c-a9aa-2c368df4f2cf,tsemba jehova wene nwana wa xikwembu,55,83,84.0,positive,positive,positive,positive
852ac4a7-c153-4a66-ba38-04c46d53e3a0,a loko niku ihhh,55,83,84.0,neutral,positive,positive,positive
abf3f7c4-66a2-4f03-890e-4fde1852736e,wa swi tivela👌👌😂😂😂😂😂,55,83,84.0,positive,neutral,positive,positive
66c9d645-2523-46fb-8f30-2bcb005ef035,gwala li tele hi ntamu maputo mozambique,55,83.0,84,positive,positive,positive,positive
d9a5a05c-3e35-4f1c-8eeb-8361b140fe22,a wansanthi a janela a tiva a ndlala ya wa nuna a mpalha ya wanuna ku lhamba ka wanuna ni mayentlela ya wanuna,55,83,84.0,positive,positive,positive,positive
29a12e95-c272-4685-a732-6049ff9e9dac,ho va nhenhentsa,55,83.0,84,negative,negative,negative,negative
31135f27-a07f-44a1-8163-cf571d96857e,hawenna és tu essa a xinhopfane,55,83.0,84,neutral,negative,negative,negative
0b94a8a1-20d8-49fa-a8a6-07537196d6df,iii telivisor ya wena ya lego😂😂😂🤣,55,83,84.0,neutral,neutral,positive,neutral
4c013639-900e-4cf3-a781-fcfa09af7d71,li fana ni nhwungue vow ngo gzula lani mussavene,55,83,84.0,neutral,neutral,positive,neutral
aac2aa7c-c1d3-41e3-a995-97ddc7a8fc91,happy birthday to you my friend nhlamulo chauke aka saki g xikwembu a xiku endli hi tintswalo u kateka uta vona lamo tala malembe have a blessed day and,55,83.0,84,positive,positive,positive,positive
ed46ced3-204e-44a9-bb8a-d15975069f21,sangula ku switwa ti vutisa ku va ngave va endle yin xakahle namuthla,55,83.0,84,neutral,negative,negative,negative
32bdbdfb-39dc-429a-af53-6f76a5f0aeca,a hombe khanimambo ho yini,55,83,84.0,positive,positive,positive,positive
3120a4c7-84d4-44bf-9fe2-9c51fcca8425,niku yingiseli nile xokwe mozambique sesi thembzana,55,83,84.0,neutral,positive,positive,positive
9e6ca73b-4c82-46a8-85f4-eb414f206600,mina ni sati wanga jay ♡ maputo mozambique,55,83.0,84,positive,positive,positive,positive
99c29a40-a5de-43d4-a3c9-1f913921e4a3,aha suca vcfamba uh ekhela,55.0,83,84,negative,negative,negative,negative
d01127ab-747d-4fb4-9d93-54aa1c8f510e,siku dza namuhla dzi kathekilê 🕺🏿,55,83,84.0,positive,positive,positive,positive
f4983612-bc93-4833-b434-797aea861830,ni komi hahahahahahahahaha,55,83.0,84,neutral,positive,positive,positive
9ad2c1ea-ecc0-4607-a0a8-379f7c0cba74,himina muyivi wa botija 😂😂😂😂😂,55,83,84.0,neutral,negative,negative,negative
1d43fb98-7560-4312-8a0f-4e0a807d182c,ahhhh wena pa,55,83,84.0,neutral,negative,negative,negative
e7c9c735-f889-48e6-a646-000b37bf7a45,fissekane ni barcelona yenu,55,83,84.0,negative,negative,negative,negative
a4d7d1fb-270b-4e1d-b3ba-ebd9b3fb8fd0,mina ni ne fambila,55,83,84.0,neutral,neutral,positive,neutral
fea9702a-6599-40e2-a804-4fa0a5f2ce56,xitomb xa wuako,55,83.0,84,negative,negative,negative,negative
0eda015e-81a3-4256-8a44-b3c2bf1c6493,na mina nimi kuma kahle nirila moz ka khubu,55,83.0,84,positive,negative,positive,positive
251ff795-9ada-4446-a3c4-836fed96f4b7,jimmy dludlu mu tumbelelwana,55,83.0,84,neutral,positive,positive,positive
6df17e9b-22d2-4162-8307-923badd967e6,mina ni pfukile va haxi ni yimele taxi ni suka amagude niya a maputo niya ka shop yi nwana nixavhe ama bikinho vani nike ya xxl amaniringane mina imakulo,55.0,83,84,negative,positive,negative,negative
e195140e-5975-4403-996e-ed835113cff2,maningue khanimambo u pfhukile,55.0,83,84,positive,positive,positive,positive
cb1fb8d8-4b81-4370-8c83-5bba73e5456d,ni pfukile ha hombewena ke,55,83.0,84,positive,positive,positive,positive
9b7b7352-d977-4b08-b0bb-78545c565766,vanhu va mali ku khola ressano boarder,55,83.0,84,neutral,positive,positive,positive
59246588-9158-4bae-a7e3-7ed705db543f,inna no hemba mara wena u ngena kwini,55,83,84.0,negative,negative,negative,negative
56e17cdf-dfef-46e7-b8b4-82081d14e911,tavuya vahaxi mahaka matorokisi ni muyingisile niri kola akaya amagude mozambique,55,83,84.0,neutral,neutral,positive,neutral
1b82a3e3-14cb-404a-919c-6322fb38f640,🤣🤣🤣🤣 ku tá fiwa 🤣🤣🤣🤣,55,83,84.0,neutral,negative,negative,negative
9429e16c-7ff4-4da6-91f2-65e5200fe14d,utwa mbangui wena,55,83.0,84,negative,negative,negative,negative
f0c379d7-e025-490e-8188-dedd08f1b505,na wene o tha hi tsemisa a thinbandla,55.0,83,84,negative,neutral,negative,negative
b831c2a7-ac82-4108-b282-78a1ec38f819,depay phela no ndumba wena,55,83.0,84,positive,positive,positive,positive
877ab169-a714-43dc-ad8d-bfca26dd4a68,ni dondze swa kahle ka mfundisi na khensa muhaxi,55.0,83,84,positive,neutral,positive,positive
a92c3902-ba48-4b43-a63a-372741f45c6e,ni randza nyama,55.0,83,84,positive,positive,positive,positive
d18935b4-2ae5-4965-bd7a-03ab1f58c1ca,nkhama wa va loyi,55,83.0,84,negative,negative,positive,negative
c064801d-983f-46bc-8a5b-a28e21d503f2,kaya ka vo vovo nkanyini wa mgilo magude,55,83,84.0,neutral,neutral,positive,neutral
621830e1-e4e9-42bb-9e70-ae62a23ccbf6,utafa u siya ulombe himaka tinhama,55,83.0,84,negative,negative,positive,negative
4424007e-0176-449a-8c6a-72c75b5209b3,mi nga koloti munhu xanchumu loko ku nga ri ku rhandzana hikuva loyi a rhandzaka munhukulobye u wu hetisisile nawu varhoma,55,83,84.0,neutral,neutral,negative,neutral
1108d075-48b6-44a3-ad3a-4f726b335d87,alberto machavele rungulamp3 😍 rungula a maxaka manga kule 🥺,55.0,83,84,positive,positive,positive,positive
1c3d18cf-fb51-4c3a-843a-28724b285a25,ni pfukile va haxi nho kufumetanhana amuphungo nita kufumetanhana anhokana nitaya atirwene,55,83,84.0,positive,positive,positive,positive
ed167a77-cfad-4f74-9f56-c01905256bb1,a xizame xo kwapa hi🥶,55,83.0,84,negative,negative,negative,negative
97dd1dd2-e803-4069-a18a-1ad1506ec78c,u fambela kwini djaha la mina,55,83,84.0,neutral,neutral,positive,neutral
41b7f87f-fc70-468d-b251-2770b70da505,xi chonguile pah🔥,55.0,83,84,positive,positive,positive,positive
208b73e6-bc0f-4f4a-bd40-88d8b0c92577,futseka wena pah eish,55,83,84.0,negative,negative,negative,negative
e26173f6-0955-48b9-ad71-6a5fa01c51f3,ni ta pimissa,55,83,84.0,neutral,positive,positive,positive
9b0da3cd-3e29-4a54-9091-069f8d9d2eba,wa rhandziwa hi nwana wa fika ka mina,55,83.0,84,neutral,positive,positive,positive
63a8ad75-51c8-4167-84a2-38485cccce1f,na mina nile ku yingiseleni ka nongonoko lowu wo xonga swonghasi nirila mozambique ka khubu njhe,55,83,84.0,positive,negative,negative,negative
63f7e049-2f55-4873-98ea-f0c4ae557e08,a matapa na marandza na marandza,55.0,83,84,positive,positive,positive,positive
a372a8ff-bfeb-4b31-9803-30550db157e4,va mu tlelile pah 😭😭😭 tlelaaa,55,83,84.0,neutral,negative,negative,negative
122196b5-dafb-49d7-a5a4-c419e16b9c2c,ni bom ho yini,55,83.0,84,positive,positive,positive,positive
da42ce97-2f81-4ce2-be9b-e9043bef8378,misava yi bihile ihhhh😤😤❤️❤️🤲🤲🤲🤲,55.0,83,84,negative,negative,negative,negative
3e53da6a-f61f-4065-b0c7-9c356c7e3a04,round ya nili kwala a mozambique seni fikile a maputo,55,83,84.0,neutral,neutral,positive,neutral
df5687e0-4d60-4fc5-bd25-cf8cccc8b926,ahahahah wena pah,55,83,84.0,neutral,negative,negative,negative
7ef72a89-b4a8-4415-96ae-bd87c5ca8e24,i tinholuene a xwi dari,55,83.0,84,negative,negative,positive,negative
e2de9cc4-7279-4688-b82b-764b72de7aa9,u tskika ku yi kwapa,55,83,84.0,neutral,negative,negative,negative
06d4a821-2aa1-4c43-a0fa-48346a7e0bd8,ni bom ni yetlelile bem anhanti wena hummmm loop,55,83.0,84,positive,positive,positive,positive
c1d418e6-7cb4-400c-894b-ed1538011268,utafa wena by,55.0,83,84,negative,negative,positive,negative
0e6ef6d6-184e-4285-89cb-976a9ed34e7c,uni txova yini gt,55,83.0,84,negative,negative,negative,negative
aaaabdc1-4bfc-427d-8b8a-b58f160cc703,yuwiiii amargou ih mine lwe yaaaa,55,83,84.0,positive,positive,negative,positive
6632b7f5-0658-42e7-a92b-e2f9a02e5721,khasi u djulaa niku hini mamanee,55,83.0,84,negative,negative,negative,negative
b5fd523a-2a03-497e-a0af-2fd56448249b,hahahahhahahahahhaa txoka wena,55,83.0,84,neutral,negative,negative,negative
0ce2d21e-5fb8-4ea2-8a61-310e597f0d3f,kuni guala la kuni va fana la rupi kaur,55,83.0,84,neutral,positive,positive,positive
08554460-bf20-4135-baa7-c7cfcf97f7fd,mhunti ya mona sowetoem casa chokwe,55,83,84.0,neutral,negative,negative,negative
c4910c32-3e02-4a41-aed1-061279394872,a xitilo xa bobi hi xini,55,83,84.0,neutral,neutral,positive,neutral
7a9de6ed-e29b-4cfb-a50e-d2a2f851d528,famba uya teka,55,83,84.0,neutral,positive,positive,positive
f5010854-1016-493d-b9c1-3df631edad2b,leswi ni swi vhonaka mine,55,83.0,84,neutral,positive,positive,positive
c22a25ac-4390-438f-a45e-0a11a0b2df6c,swi txiki leswo os dois se txendam aqui,55,83,84.0,neutral,neutral,negative,neutral
9b1b8f3f-a638-4005-9541-a8619a9f1e7b,wena wa xitiva,55,83,84.0,positive,positive,positive,positive
a1b89ac5-5bd3-4f20-b91a-f89337f3bff3,a uli kwatini lani,55,83,84.0,negative,negative,negative,negative
11dec2a1-4c3b-479d-a208-713be3294c57,todos escutamos mina ningué fambi yi lá 😂😂,55,83,84.0,neutral,neutral,positive,neutral
92a5b92b-a403-454a-8b27-7d08981e5adb,ni humule ha hombe muzandziwa,55,83.0,84,positive,positive,positive,positive
c5cf50bb-88ff-4682-9bc1-a7e178c53d53,aha auxeni ti nguavani,55,83,84.0,negative,positive,negative,negative
3f0e598a-7ef5-4674-9da7-7c7449aa4b98,swa kahle leswo,55,83,84.0,positive,positive,negative,positive
0501105d-d771-4cf9-979f-9ece9fdd32da,aloku niku im 😛 👊 👊 🍆 👖 ya ba buluko,55,83,84.0,neutral,neutral,positive,neutral
5c00a983-efea-4954-8959-0c1a9ede1278,utomi nzanga za ku tsakissa the life em maputo mozambique,55.0,83,84,positive,positive,positive,positive
d6f49d56-ded5-4301-95ad-b400bc5b5703,nisuka xokwe sweswi tani bazara ka xingangi agora,55,83.0,84,neutral,positive,positive,positive
90dd1ff1-d7c0-451c-bcc3-3beaa0cf0455,swi helile swa ma pank finish 😹😂😂✌,55,83.0,84,neutral,positive,positive,positive
899f51de-fc0b-40b9-9296-04181025eecd,uni gomo lá ku sasseka ntombi,55,83.0,84,positive,positive,positive,positive
19406b67-4529-4563-8d92-a2c5776d8466,pandzela ntsandza wa majaha nwana i tiva hi mutswari baji ra makhelwani wari ambala ritlhela,55,83,84.0,neutral,neutral,positive,neutral
4704a1ce-e17f-4322-917d-336637fd7780,himpela wo nhimela nkama wa ko u fika yena a poronto ni mu fundile bem mas wa karhata nhana,55,83,84.0,neutral,negative,negative,negative
d2335c3b-8768-435d-98d9-daa6ec7c8b26,nina wena kola xokwe mozambique uni endla yini mara dstv,55.0,83,84,negative,positive,positive,positive
8ba28ccd-b5a4-4809-a2cf-c6f8ecdfc748,maputo ka hisa sorry la,55,83,84.0,negative,negative,negative,negative
698415b6-35cf-449e-a1fa-4fccf5188f0b,🤣 why uni lembrara lexwu 😤 wena wa kazata,55,83,84.0,negative,negative,negative,negative
a9011475-c41a-474e-8e36-9ea17327a507,ni pfhuni ku tsova tsova tsova gold ️,55,83,84.0,neutral,positive,positive,positive
76aa432f-be2d-4b54-9454-7499f031915a,hi ku pfinha va hi sola,55,83.0,84,negative,negative,negative,negative
454851eb-0a8d-438d-af4d-205ed9822b0f,a mumu 🥵🥵,55.0,83,84,negative,negative,negative,negative
1f226c40-60aa-4499-9ce2-eff6bb388763,eka teka famba big,55,83,84.0,neutral,neutral,positive,neutral
8f8f13f5-f6dc-425b-9d6a-680337b3614f,a loko niko hi matilho lo bindzaminengue wo tiya,55.0,83,84,negative,positive,negative,negative
0502c032-6eff-420e-9a3d-3372e80123f7,vha ta dlaya😭,55.0,83,84,negative,negative,negative,negative
38667a2e-dd4c-4aed-9d4a-dc927d6ed050,wene u ximate xa boene 😍❤️,55,83.0,84,neutral,positive,positive,positive
a610feb0-2c14-4db5-98b9-edd4a8360276,u ta swi vona,55,83,84.0,neutral,negative,negative,negative
4a296654-9e09-48ef-b8b3-4856f8c46004,famba ni ma range ya wena,55,83.0,84,negative,negative,positive,negative
bb2ce80a-c7f9-4788-8637-28b273888884,😂😂😂ina mas wa ma navela,55,83,84.0,neutral,positive,positive,positive
cc493248-3389-43c7-aa2f-3b76ada5c506,a ti nguavani a ti ni hlamulanga ahhhh,55,83,84.0,negative,negative,negative,negative
a0179dc5-5c18-4a77-90bb-d9a472007c72,na hanha aswina ku kazata a vatsonguana wo thlanga,55,83.0,84,positive,positive,positive,positive
e1faa68b-a9bc-44f9-969b-be08025de5af,wa switiva papa,55,83,84.0,neutral,neutral,positive,neutral
be454a9f-c89b-417a-b85a-e599a042b845,mina nawena wena namina utatwa kunandzika ×,55.0,83,84,positive,positive,positive,positive
35b1abc1-41fc-4cd8-bdc5-7aa65563cbd8,ku saseka naku faneriwa swa wena keep it up,55,83,84.0,positive,positive,positive,positive
bf75dcec-b40d-45a7-84f3-d363f678df45,ohhh hosy yanga dzi xurisse hi moya waku dzi tiya dlhelene yaku ♥️ saudades,55.0,83,84,positive,positive,positive,positive
f416550b-a4c4-4539-a51d-3cfa4ee7bd28,teka teka teka xa weh 🎶🎵,55,83,84.0,neutral,positive,positive,positive
6efd9f31-fca3-4c71-8c6c-e5a18706dbec,hosi yanga 🙆🏾‍♂️🙆🏾‍♂️🙆🏾‍♂️,55,83,84.0,neutral,negative,negative,negative
5abe591c-e591-4b88-807c-7dff2e8ae9c5,a ku xonga 😇,55.0,83,84,positive,positive,positive,positive
3cafab4e-fd79-482e-9eb1-baca5e7bd432,aleluia na ih khensa hosi yiniki leswilu swa lissima inkwaswu vanga teka kuphumela kwanga vange teki kanimambo na i khensa hosi,55,83.0,84,positive,positive,positive,positive
d2e0b868-b679-4a0a-b791-e1f12819c574,kuna xukela la ka mina kuna xukelakuna xukela lá ka mina kuna xukela 🔈🔉🔉🔉🔊🔊🔊🔊🔊🔊,55,83,84.0,neutral,neutral,positive,neutral
427770d6-7b7a-4812-8620-a5200915edef,pvtunga ni viajari wena txela nhama lanu,55,83.0,84,neutral,positive,positive,positive
f8e01aee-11cc-4c13-b9ff-812782374979,edjo ni tsiki mina,55,83,84.0,negative,negative,negative,negative
43437f93-553e-4526-ad9d-cafa0f036a51,mara dj unjani wena hiiiiì,55,83,84.0,neutral,neutral,positive,neutral
350850b2-12f4-4b14-ace8-9e48624b72ff,mina nilava va tlakusa byala na mudende,55.0,83,84,positive,neutral,positive,positive
0256c3ae-2b26-4f13-8b67-1363a98f3ba3,ni ta rendera,55.0,83,84,negative,negative,positive,negative
c872c89a-d2df-4705-8af7-73b564f9e61c,a vavasati ya tswira a tibi bem hi nhloko,55,83.0,84,negative,negative,negative,negative
c6f1329c-3afb-4248-a619-5ae8796f2958,teka famba ou gina,55,83,84.0,neutral,neutral,positive,neutral
a115ca50-bab0-4ed5-b02d-7b7d0b24bf41,sim teka famba,55,83,84.0,neutral,positive,positive,positive
74fbcc77-0f61-42db-94b9-eeb3f941490b,malem ya ku tala,55,83,84.0,neutral,positive,positive,positive
3d3183f6-f8e5-4d73-8c7d-a004123352bd,niku yingiseli nile xokwe mozambique nilo geee kola hansi ka nsinya wa nkanyi dstv,55,83.0,84,neutral,positive,positive,positive
b7b2f920-0754-42f4-a620-8e20d7df88b7,fuseka wena ok,55.0,83,84,negative,negative,negative,negative
9ad00a16-dea8-4f76-a33f-b28c88465346,hi maka ruy 😂,55,83,84.0,neutral,negative,negative,negative
9ec69aad-a3ff-4814-bb73-41a4c50e2001,a sati wa mina ni murandza swineni,55,83,84.0,positive,positive,positive,positive
5e1c2cd1-bb9b-46c7-9486-dd8ae7dbed36,mina ni li wona hi wene mama,55,83,84.0,neutral,positive,positive,positive
52a6bcb3-29a9-4fc8-928f-c7658639189c,na hina hi gud nambi yi txonille hi rait 🔊🔊🇲🇿,55.0,83,84,positive,positive,positive,positive
1c6be598-d51e-4139-b1cb-3de1374b6cbc,😂 ni dlayile homu namunthla não pode mu xhava homu yanga 😂😂😂😂😂,55,83.0,84,neutral,positive,positive,positive
ef79c684-c97b-4f93-942f-fa93c9e3fe6d,rirandu ari danisi loku wanuna akari akuranda naloku wansati aku randa aswisangi swi danisa,55.0,83,84,positive,neutral,positive,positive
85c00a90-855e-460f-ab5e-3f987764e98b,ni uzivizi nhana 🔥🔥🔥🔥😂😂😂😂,55,83.0,84,positive,positive,positive,positive
3aba2b68-77e3-4015-abfa-d910eb35c563,wa txintxa 😂😂😂😂😂🤣🤣,55,83,84.0,neutral,neutral,positive,neutral
543daeb8-b05a-4f02-a83a-7db5dbb18114,help ka nhai mukomana,55,83,84.0,neutral,neutral,negative,neutral
02ac5244-9076-4740-9681-ee1635dc7f2c,ha xikwembu tatana ha hanha kwatsi akuna sfwo karhata vana va tlhanga vatlhela va beliwa hi mumu ka hissa,55,83.0,84,positive,negative,positive,positive
92bacdd8-0679-439c-b97b-cd03dfdec59d,ka hissa man,55.0,83,84,negative,negative,negative,negative
4cfe1aa2-556f-4bc7-8d41-45ff849752a8,🙆 hosi yanga 😹😹😹,55,83,84.0,neutral,negative,negative,negative
b56a074f-178c-49e1-bebe-f0f80ab98c5c,niku vavava niku hoyohoyo vahaxi vamina,55,83,84.0,positive,neutral,positive,positive
41604294-b697-4181-8f14-f5a0bd8a68a4,xikwembu ni nyike matimba,55.0,83,84,positive,positive,positive,positive
55e0be3b-d11a-493c-a2d3-656f2abcb228,é para u mu kwapiwa bem,55.0,83,84,negative,negative,negative,negative
419aa4c7-c326-493f-a963-2f0d75e234be,xitombo xa zaida,55,83,84.0,negative,neutral,negative,negative
9bec486b-e1ff-40f6-b279-f98b7a34cb89,hoje desculpa siku ni siku,55.0,83,84,negative,negative,positive,negative
fd7d4ce2-25b1-49e4-9bd5-dce240565053,a xitiloo xa boby hiii nchine,55,83,84.0,neutral,neutral,positive,neutral
6e3c2e0a-6d9d-4faa-8840-06b78731575c,hi naveleni a hidyi xa munhu,55.0,83,84,positive,neutral,positive,positive
85c89add-4a97-4f7c-ba8f-a9c5db1643b3,ya ba buluku tsokaaaa 🕺🏿,55,83.0,84,neutral,positive,positive,positive
e3ada1bd-5844-4953-a471-2ddcc08be3d1,dzixilela wena mufoto ho ini hi ku pfuka,55,83.0,84,positive,positive,positive,positive
24fb97ab-eb52-4d93-ae4a-c4500b414e2c,buya u susa stress buya ni ku susa stress 🎶 🕺🏿,55,83,84.0,positive,positive,positive,positive
33e5d8bc-bfd3-4016-b141-a943d3a33430,edjo wa vhona macamera xo zuzumela,55,83.0,84,neutral,negative,negative,negative
dd0f32d6-9d35-431f-8063-ec184e373be9,wow na khensa sesi mhana rivaldo vani khome kahle hi siku ra mina,55,83,84.0,positive,positive,positive,positive
860ad1c0-54b3-425f-8576-425c98bbbfc5,tili luweme nase a mulungu otisunga,55,83,84.0,negative,neutral,negative,negative
d481f2cd-a3ae-4a01-862c-fbe41c21d2f4,morning cruel world swa mbangui ni ma cigari ntsê,55,83,84.0,negative,negative,negative,negative
3551b325-e5f6-4553-8c50-d72c769374b2,if phfukilé ah ih se vona swa ku kazata mwina ké,55.0,83,84,positive,positive,positive,positive
2b3db60a-3915-446f-9ecb-dfe3ff9ae13c,ni lava ku susa tosa,55.0,83,84,positive,positive,positive,positive
2f3243b2-85dc-491d-8571-9ec7e369454d,swili leswi u tivaka nguiza hina ku lava hi nyombela,55,83,84.0,neutral,neutral,positive,neutral
ad6bd52d-2306-4eeb-b24d-ca525ad292ec,stay home postpone puza mati a mundzuku i siku ka hissa,55,83,84.0,neutral,neutral,positive,neutral
a0f2b798-cf39-471a-84c5-33ffed86e8c4,podi nu ku bah hloko 😂,55,83.0,84,neutral,negative,negative,negative
050703b1-ca2e-4377-97ba-bf0346d6a719,mas ni yetxi yini unga ni loyissi,55,83.0,84,negative,negative,negative,negative
98fe138a-8369-4e47-9157-190cbcc6cd22,hi pfukile anti wena vá hanha kaya,55,83.0,84,neutral,positive,positive,positive
48231ed4-c995-423f-8f48-917750f00bdb,mara loko dyixi pfula dyaxi pfula jaa,55,83,84.0,neutral,neutral,positive,neutral
746f88ba-61f5-4ad3-8b13-9895fa3533e5,hahahahah futseka wena ‍️,55.0,83,84,negative,negative,negative,negative
aeeefdd6-568a-4b8b-9e09-03c4ccd6654d,na mirhandza vahaxi va mina phela na tinyungubyisa hi nwi nirila moz ka khubu i adolfo,55,83.0,84,positive,positive,positive,positive
fee59584-445a-47d9-86d7-b514313ae9a2,mom dii faz coisa xx eu busy cota mom futseka nkila waku o humi uxi nampfa lexi ja wa yala i love her,55,83,84.0,negative,neutral,negative,negative
bc606d0c-6944-49c5-a289-10e97e8ebe2e,vunanga bya kahle boti russ russ niku khoma hi dstv nile kaya ka chokwe mozambique,55,83,84.0,neutral,neutral,positive,neutral
